Ticket ID,Creation Date (OV),Resolution Date (FV),Affected Versions (AV)
ZOOKEEPER-5021,2026-03-05,2026-04-09,3.9.5
ZOOKEEPER-5012,2026-01-06,2026-02-19,3.9.4
ZOOKEEPER-5009,2025-12-24,2026-04-30,3.9.4
ZOOKEEPER-4992,2025-11-07,2026-04-22,3.9.4
ZOOKEEPER-4989,2025-11-04,2025-11-10,3.9.4
ZOOKEEPER-4986,2025-10-06,2025-12-01,3.10.0|3.8.5|3.9.4
ZOOKEEPER-4985,2025-10-06,2026-05-15,3.9.4
ZOOKEEPER-4984,2025-10-01,2025-10-06,3.10.0|3.8.5|3.9.4
ZOOKEEPER-4974,2025-09-10,2025-09-12,3.10.0
ZOOKEEPER-4972,2025-08-26,2025-09-19,N/A
ZOOKEEPER-4960,2025-08-15,2025-08-17,3.10.0|3.8.4|3.9.3
ZOOKEEPER-4958,2025-08-15,2025-12-14,3.8.4|3.9.3
ZOOKEEPER-4953,2025-07-22,2025-08-06,3.9.3
ZOOKEEPER-4940,2025-06-18,2025-07-29,3.10.0|3.9.3
ZOOKEEPER-4933,2025-05-29,2025-06-05,N/A
ZOOKEEPER-4932,2025-05-20,2025-08-25,N/A
ZOOKEEPER-4928,2025-05-11,2025-05-12,3.9.3
ZOOKEEPER-4925,2025-04-30,2025-06-10,3.9.3
ZOOKEEPER-4921,2025-04-23,2025-05-11,3.9.3
ZOOKEEPER-4920,2025-04-20,2025-04-25,N/A
ZOOKEEPER-4919,2025-04-19,2025-04-19,3.8.4|3.9.3
ZOOKEEPER-4909,2025-03-18,2025-03-25,N/A
ZOOKEEPER-4907,2025-03-17,2025-03-25,N/A
ZOOKEEPER-4900,2025-02-28,2025-04-09,3.8.4|3.9.3
ZOOKEEPER-4890,2024-11-25,2025-08-25,N/A
ZOOKEEPER-4889,2024-11-24,2024-11-26,3.8.4|3.9.3
ZOOKEEPER-4888,2024-11-22,2026-04-30,3.9.2
ZOOKEEPER-4886,2024-11-14,2025-04-20,3.6.4|3.7.2|3.8.4|3.9.3
ZOOKEEPER-4877,2024-10-18,2024-10-18,3.9.2
ZOOKEEPER-4876,2024-10-16,2024-10-17,3.8.4|3.9.2
ZOOKEEPER-4872,2024-10-10,2024-11-27,3.9.1|3.9.2|3.9.3
ZOOKEEPER-4871,2024-10-09,2025-09-17,3.10.0
ZOOKEEPER-4858,2024-09-07,2024-12-21,3.9.0|3.9.1|3.9.2|3.9.3
ZOOKEEPER-4853,2024-08-26,2024-08-26,3.9.2
ZOOKEEPER-4848,2024-08-07,2024-10-18,3.8.4|3.9.2
ZOOKEEPER-4846,2024-07-28,2025-02-11,N/A
ZOOKEEPER-4843,2024-07-05,2024-09-20,3.8.4|3.9.2
ZOOKEEPER-4839,2024-06-18,2024-09-25,3.5.10|3.9.2
ZOOKEEPER-4830,2024-04-24,2024-04-24,3.8.4|3.9.2
ZOOKEEPER-4819,2024-03-26,2024-11-27,3.8.4|3.9.2
ZOOKEEPER-4814,2024-03-07,2024-08-11,3.9.0
ZOOKEEPER-4810,2024-02-20,2025-06-23,N/A
ZOOKEEPER-4809,2024-02-20,2024-08-02,3.7.2|3.8.4|3.9.2
ZOOKEEPER-4808,2024-02-12,2024-06-15,3.10.0
ZOOKEEPER-4804,2024-02-08,2024-03-09,3.8.3
ZOOKEEPER-4787,2024-01-18,2025-07-24,3.7.2|3.8.3|3.9.1
ZOOKEEPER-4785,2024-01-12,2024-03-20,3.8.0|3.7.1|3.8.1|3.7.2|3.8.2|3.9.1
ZOOKEEPER-4782,2023-12-27,2024-02-09,3.9.1
ZOOKEEPER-4770,2023-11-18,2024-02-06,3.9.1
ZOOKEEPER-4762,2023-10-16,2024-03-20,3.8.3
ZOOKEEPER-4761,2023-10-16,2023-10-17,N/A
ZOOKEEPER-4758,2023-10-11,2024-03-20,3.8.3
ZOOKEEPER-4752,2023-10-03,2023-10-03,3.8.2
ZOOKEEPER-4741,2023-09-11,2025-12-12,3.6.0|3.6.3|3.6.1|3.6.2|3.6.4
ZOOKEEPER-4739,2023-08-31,2023-10-05,3.9.0|3.9.1
ZOOKEEPER-4736,2023-08-15,2025-10-30,3.6.3|3.7.0|3.8.0|3.9.0
ZOOKEEPER-4733,2023-08-05,2024-09-10,3.8.2
ZOOKEEPER-4730,2023-07-31,2024-02-08,N/A
ZOOKEEPER-4725,2023-07-26,2025-03-24,3.8.2
ZOOKEEPER-4721,2023-07-18,2023-07-18,3.5.4|3.6.0|3.4.12|3.7.1|3.9.0|3.8.1
ZOOKEEPER-4719,2023-07-12,2023-07-17,N/A
ZOOKEEPER-4712,2023-06-29,2024-09-20,3.5.10|3.6.3|3.7.0|3.8.0|3.7.1|3.6.4|3.9.0|3.8.1|3.9.1
ZOOKEEPER-4708,2023-06-20,2024-10-19,3.6.4|3.8.1
ZOOKEEPER-4703,2023-06-07,2024-02-07,3.6.1|3.7.1|3.8.1
ZOOKEEPER-4699,2023-05-24,2024-10-18,3.8.1
ZOOKEEPER-4694,2023-05-16,2023-05-19,3.4.6
ZOOKEEPER-4674,2023-02-13,2023-02-13,N/A
ZOOKEEPER-4671,2023-02-06,2023-03-17,N/A
ZOOKEEPER-4654,2022-12-16,2022-12-18,N/A
ZOOKEEPER-4647,2022-12-12,2023-02-15,N/A
ZOOKEEPER-4607,2022-08-18,2024-09-26,3.6.0|3.6.3|3.7.0|3.6.1|3.6.2|3.8.0|3.7.1|3.6.4|3.7.2
ZOOKEEPER-4604,2022-08-01,2025-06-18,N/A
ZOOKEEPER-4565,2022-06-29,2022-07-26,3.6.3|3.8.0|3.7.1
ZOOKEEPER-4550,2022-05-28,2022-05-28,3.4.12
ZOOKEEPER-4549,2022-05-26,2022-06-17,N/A
ZOOKEEPER-4537,2022-05-06,2022-05-17,N/A
ZOOKEEPER-4532,2022-04-28,2023-10-06,N/A
ZOOKEEPER-4523,2022-04-20,2023-02-20,3.8.0
ZOOKEEPER-4516,2022-04-08,2022-04-08,N/A
ZOOKEEPER-4515,2022-04-08,2022-04-09,N/A
ZOOKEEPER-4514,2022-04-07,2022-04-08,N/A
ZOOKEEPER-4511,2022-04-05,2022-06-24,N/A
ZOOKEEPER-4508,2022-04-01,2024-09-23,3.6.3|3.7.0|3.8.0
ZOOKEEPER-4505,2022-03-29,2022-03-31,N/A
ZOOKEEPER-4504,2022-03-29,2022-04-06,N/A
ZOOKEEPER-4477,2022-02-23,2022-03-01,3.5.9|3.6.3|3.7.0
ZOOKEEPER-4475,2022-02-22,2023-02-22,3.6.3|3.7.0
ZOOKEEPER-4473,2022-02-22,2022-03-04,3.7.0|3.6.2
ZOOKEEPER-4471,2022-02-21,2023-06-13,3.6.3|3.7.0
ZOOKEEPER-4466,2022-02-11,2023-05-05,3.6.3|3.6.4
ZOOKEEPER-4465,2022-02-10,2022-02-15,3.6.2
ZOOKEEPER-4460,2022-01-28,2022-11-03,N/A
ZOOKEEPER-4456,2022-01-27,2023-10-06,3.6.3
ZOOKEEPER-4452,2022-01-25,2022-03-29,N/A
ZOOKEEPER-4446,2022-01-19,2022-12-13,3.6.4
ZOOKEEPER-4433,2021-12-30,2022-02-08,3.5.9
ZOOKEEPER-4415,2021-11-15,2023-10-02,3.7.0
ZOOKEEPER-4409,2021-11-01,2024-05-02,3.7.0|3.9.2
ZOOKEEPER-4406,2021-10-31,2021-10-31,N/A
ZOOKEEPER-4394,2021-10-09,2024-09-19,3.7.0
ZOOKEEPER-4393,2021-10-08,2023-06-15,3.6.3
ZOOKEEPER-4390,2021-09-28,2022-08-01,3.5.9
ZOOKEEPER-4377,2021-09-14,2021-10-17,3.8.0
ZOOKEEPER-4372,2021-09-09,2021-10-02,N/A
ZOOKEEPER-4367,2021-09-02,2021-09-27,3.4.13
ZOOKEEPER-4362,2021-09-01,2021-11-13,N/A
ZOOKEEPER-4360,2021-08-30,2021-09-02,3.6.2
ZOOKEEPER-4356,2021-08-27,2021-09-01,3.7.0
ZOOKEEPER-4345,2021-08-07,2021-08-11,N/A
ZOOKEEPER-4343,2021-08-05,2021-09-01,3.8.0
ZOOKEEPER-4342,2021-08-04,2021-08-25,3.7.0|3.8.0
ZOOKEEPER-4331,2021-06-29,2021-08-03,3.6.3|3.7.0|3.5.5
ZOOKEEPER-4325,2021-06-23,2021-07-18,3.6.2
ZOOKEEPER-4316,2021-06-11,2021-07-01,3.4.12|3.5.7
ZOOKEEPER-4311,2021-06-02,2021-06-21,N/A
ZOOKEEPER-4309,2021-05-31,2021-06-14,3.6.3|3.7.0
ZOOKEEPER-4308,2021-05-30,2022-06-24,3.8.0
ZOOKEEPER-4296,2021-05-17,2023-02-27,3.5.9|3.5.3|3.6.3|3.6.2
ZOOKEEPER-4293,2021-05-11,2024-09-19,3.5.8
ZOOKEEPER-4278,2021-04-07,2021-04-08,N/A
ZOOKEEPER-4276,2021-04-07,2024-03-09,3.7.0|3.5.8|3.6.2|3.8.0
ZOOKEEPER-4275,2021-04-06,2021-04-19,3.5.9
ZOOKEEPER-4269,2021-03-29,2021-03-31,N/A
ZOOKEEPER-4267,2021-03-29,2021-03-30,N/A
ZOOKEEPER-4266,2021-03-28,2021-04-03,N/A
ZOOKEEPER-4265,2021-03-28,2021-04-10,N/A
ZOOKEEPER-4262,2021-03-26,2021-04-21,N/A
ZOOKEEPER-4260,2021-03-24,2021-03-29,3.6.2
ZOOKEEPER-4247,2021-03-12,2021-04-14,3.6.2
ZOOKEEPER-4246,2021-03-11,2021-05-15,N/A
ZOOKEEPER-4240,2021-03-10,2025-08-19,3.6.2
ZOOKEEPER-4236,2021-03-08,2024-02-06,N/A
ZOOKEEPER-4232,2021-03-06,2021-03-09,N/A
ZOOKEEPER-4230,2021-03-03,2021-03-11,N/A
ZOOKEEPER-4227,2021-03-01,2021-03-10,3.7.0|3.6.2|3.8.0
ZOOKEEPER-4225,2021-02-26,2021-03-09,N/A
ZOOKEEPER-4224,2021-02-26,2021-03-09,N/A
ZOOKEEPER-4223,2021-02-26,2021-03-09,3.6.2
ZOOKEEPER-4222,2021-02-24,2021-02-25,3.6.2
ZOOKEEPER-4220,2021-02-23,2021-03-06,3.5.9|3.6.2
ZOOKEEPER-4219,2021-02-23,2021-03-06,3.7.0|3.8.0
ZOOKEEPER-4210,2021-02-15,2021-03-09,3.7.0|3.4.14|3.6.2
ZOOKEEPER-4207,2021-02-09,2021-02-09,3.8.0
ZOOKEEPER-4205,2021-02-08,2021-03-17,3.8.0
ZOOKEEPER-4204,2021-02-08,2021-07-28,3.8.0
ZOOKEEPER-4201,2021-02-04,2021-02-17,N/A
ZOOKEEPER-4200,2021-02-04,2021-02-17,N/A
ZOOKEEPER-4199,2021-02-04,2021-02-18,N/A
ZOOKEEPER-4194,2021-01-27,2021-03-27,3.7.0
ZOOKEEPER-4191,2021-01-24,2021-01-24,N/A
ZOOKEEPER-4055,2021-01-10,2021-01-10,3.7.0|3.6.2
ZOOKEEPER-4050,2021-01-07,2021-02-04,3.7.0
ZOOKEEPER-4045,2021-01-05,2021-01-06,3.6.0|3.6.1|3.5.8|3.6.2
ZOOKEEPER-4026,2020-12-08,2023-06-21,3.5.8|3.6.2
ZOOKEEPER-4020,2020-12-03,2024-12-07,3.6.2
ZOOKEEPER-4011,2020-11-20,2020-11-22,N/A
ZOOKEEPER-4007,2020-11-19,2021-02-08,N/A
ZOOKEEPER-3996,2020-11-07,2023-06-19,N/A
ZOOKEEPER-3994,2020-11-06,2020-11-16,N/A
ZOOKEEPER-3992,2020-11-03,2020-11-09,N/A
ZOOKEEPER-3991,2020-11-03,2020-11-16,3.6.2
ZOOKEEPER-3988,2020-11-02,2022-01-25,3.6.1
ZOOKEEPER-3987,2020-11-01,2021-02-17,3.7.0
ZOOKEEPER-3983,2020-10-22,2020-10-22,3.7.0
ZOOKEEPER-3979,2020-10-19,2020-11-16,N/A
ZOOKEEPER-3955,2020-10-06,2020-10-12,N/A
ZOOKEEPER-3954,2020-10-04,2020-10-12,3.6.2
ZOOKEEPER-3951,2020-10-03,2020-10-12,3.6.2
ZOOKEEPER-3944,2020-09-24,2020-09-28,3.6.2
ZOOKEEPER-3943,2020-09-22,2021-01-24,3.7.0|3.6.2
ZOOKEEPER-3937,2020-09-16,2020-09-28,N/A
ZOOKEEPER-3931,2020-09-09,2021-04-04,N/A
ZOOKEEPER-3920,2020-08-26,2020-09-10,3.6.1
ZOOKEEPER-3911,2020-08-15,2020-11-12,3.5.4|3.6.0|3.4.12|3.4.13|3.5.5|3.5.6|3.5.7|3.6.1|3.5.8
ZOOKEEPER-3908,2020-08-04,2022-05-04,3.4.14|3.6.1|3.5.8
ZOOKEEPER-3905,2020-08-03,2020-08-08,3.5.8|3.6.2
ZOOKEEPER-3895,2020-07-23,2020-07-29,3.6.1
ZOOKEEPER-3891,2020-07-15,2020-07-29,N/A
ZOOKEEPER-3887,2020-07-13,2021-03-27,3.6.2
ZOOKEEPER-3885,2020-07-13,2020-07-31,3.6.1|3.5.8
ZOOKEEPER-3878,2020-07-03,2020-07-13,N/A
ZOOKEEPER-3877,2020-07-03,2021-03-02,N/A
ZOOKEEPER-3876,2020-07-03,2020-07-29,N/A
ZOOKEEPER-3865,2020-06-16,2020-06-19,N/A
ZOOKEEPER-3863,2020-06-15,2020-09-17,N/A
ZOOKEEPER-3857,2020-06-10,2020-06-10,3.6.2
ZOOKEEPER-3832,2020-05-18,2020-05-21,3.6.1|3.5.8
ZOOKEEPER-3829,2020-05-15,2020-06-03,3.6.1|3.5.8
ZOOKEEPER-3818,2020-05-06,2020-05-12,3.5.5
ZOOKEEPER-3803,2020-04-20,2020-06-25,3.4.13
ZOOKEEPER-3801,2020-04-18,2020-08-29,N/A
ZOOKEEPER-3797,2020-04-18,2020-04-18,3.6.0|3.6.1
ZOOKEEPER-3793,2020-04-10,2020-04-12,3.6.0
ZOOKEEPER-3792,2020-04-10,2020-05-21,3.6.0|3.5.7
ZOOKEEPER-3782,2020-04-01,2020-04-08,N/A
ZOOKEEPER-3781,2020-04-01,2021-03-06,N/A
ZOOKEEPER-3780,2020-04-01,2020-04-07,3.6.0|3.5.6|3.5.7
ZOOKEEPER-3772,2020-03-28,2020-05-05,3.6.1|3.5.8
ZOOKEEPER-3769,2020-03-24,2020-04-07,3.5.7
ZOOKEEPER-3760,2020-03-17,2020-03-26,3.5.7
ZOOKEEPER-3758,2020-03-16,2020-03-19,3.6.0
ZOOKEEPER-3756,2020-03-11,2020-03-23,3.5.6|3.5.7
ZOOKEEPER-3748,2020-03-07,2020-03-14,N/A
ZOOKEEPER-3746,2020-03-05,2020-03-07,N/A
ZOOKEEPER-3745,2020-03-05,2020-03-14,N/A
ZOOKEEPER-3739,2020-02-25,2020-03-20,N/A
ZOOKEEPER-3738,2020-02-25,2020-04-15,N/A
ZOOKEEPER-3737,2020-02-25,2020-03-01,3.4.14|3.5.7
ZOOKEEPER-3726,2020-02-13,2020-04-11,3.5.6
ZOOKEEPER-3719,2020-02-07,2020-02-09,3.5.6
ZOOKEEPER-3718,2020-02-07,2020-02-10,3.5.6
ZOOKEEPER-3716,2020-02-03,2020-02-04,3.6.0|3.7.0|3.5.6
ZOOKEEPER-3710,2020-01-31,2020-01-31,N/A
ZOOKEEPER-3706,2020-01-25,2020-03-03,3.6.0|3.4.14|3.5.6
ZOOKEEPER-3701,2020-01-20,2021-01-06,3.4.13|3.5.6
ZOOKEEPER-3699,2020-01-18,2020-01-23,3.6.0|3.7.0|3.5.6
ZOOKEEPER-3698,2020-01-17,2020-01-23,N/A
ZOOKEEPER-3674,2020-01-06,2020-02-18,3.5.5|3.5.6
ZOOKEEPER-3667,2019-12-27,2020-01-20,3.5.6
ZOOKEEPER-3656,2019-12-19,2020-01-07,N/A
ZOOKEEPER-3654,2019-12-18,2020-03-25,N/A
ZOOKEEPER-3653,2019-12-17,2019-12-19,N/A
ZOOKEEPER-3652,2019-12-16,2022-03-30,3.5.6
ZOOKEEPER-3651,2019-12-16,2019-12-16,3.5.6
ZOOKEEPER-3644,2019-12-10,2020-01-05,3.5.6
ZOOKEEPER-3642,2019-12-09,2020-11-23,3.6.0|3.7.0|3.5.5|3.5.6
ZOOKEEPER-3641,2019-12-09,2019-12-10,3.6.0
ZOOKEEPER-3633,2019-11-28,2019-12-03,3.5.5|3.5.6
ZOOKEEPER-3613,2019-11-12,2020-01-20,3.5.5
ZOOKEEPER-3605,2019-11-02,2019-11-06,3.6.0
ZOOKEEPER-3590,2019-10-22,2019-11-22,3.5.6
ZOOKEEPER-3579,2019-10-14,2020-04-16,N/A
ZOOKEEPER-3563,2019-09-30,2019-10-08,3.5.5|3.4.14
ZOOKEEPER-3559,2019-09-25,2019-09-27,N/A
ZOOKEEPER-3552,2019-09-19,2019-09-20,3.5.6
ZOOKEEPER-3546,2019-09-16,2019-11-25,3.5.3|3.5.5
ZOOKEEPER-3540,2019-09-09,2019-09-10,3.6.0
ZOOKEEPER-3531,2019-09-02,2019-10-09,3.5.2|3.5.3|3.5.4|3.5.5
ZOOKEEPER-3518,2019-08-25,2019-08-25,3.6.0|3.5.5
ZOOKEEPER-3510,2019-08-15,2019-08-23,N/A
ZOOKEEPER-3498,2019-08-07,2019-08-08,3.5.5
ZOOKEEPER-3496,2019-08-07,2019-09-26,3.5.5|3.4.14
ZOOKEEPER-3479,2019-07-31,2019-08-02,3.5.5
ZOOKEEPER-3471,2019-07-28,2019-10-09,3.6.0
ZOOKEEPER-3440,2019-06-22,2019-06-28,3.6.0
ZOOKEEPER-3433,2019-06-19,2019-06-25,3.6.0|3.5.5|3.4.14
ZOOKEEPER-3426,2019-06-11,2021-01-13,N/A
ZOOKEEPER-3405,2019-05-28,2019-05-30,3.6.0|3.5.5
ZOOKEEPER-3404,2019-05-27,2019-05-28,3.6.0
ZOOKEEPER-3399,2019-05-22,2019-05-25,3.6.0
ZOOKEEPER-3373,2019-04-28,2019-08-05,3.4.14
ZOOKEEPER-3356,2019-04-09,2019-07-23,3.5.4|3.6.0
ZOOKEEPER-3331,2019-03-22,2019-05-06,3.6.0
ZOOKEEPER-3320,2019-03-17,2019-08-13,3.4.10|3.5.4
ZOOKEEPER-3306,2019-03-11,2019-04-29,3.5.4|3.6.0|3.4.13
ZOOKEEPER-3304,2019-03-10,2019-03-14,3.4.13
ZOOKEEPER-3296,2019-03-07,2019-06-14,3.5.4|3.6.0
ZOOKEEPER-3265,2019-01-31,2019-02-04,3.4.14
ZOOKEEPER-3253,2019-01-22,2019-03-08,3.4.9|3.5.4|3.6.0
ZOOKEEPER-3231,2018-12-29,2021-09-10,3.5.4|3.4.13
ZOOKEEPER-3218,2018-12-17,2019-01-18,N/A
ZOOKEEPER-3217,2018-12-15,2019-01-03,N/A
ZOOKEEPER-3215,2018-12-13,2020-04-30,3.4.13
ZOOKEEPER-3212,2018-12-11,2018-12-11,N/A
ZOOKEEPER-3210,2018-12-08,2019-01-08,N/A
ZOOKEEPER-3199,2018-11-24,2018-11-26,N/A
ZOOKEEPER-3165,2018-10-12,2018-10-16,3.5.5
ZOOKEEPER-3162,2018-10-09,2018-11-12,3.0.0|3.4.13
ZOOKEEPER-3156,2018-09-26,2018-11-05,3.6.0|3.4.13|3.5.5
ZOOKEEPER-3148,2018-09-14,2018-09-25,3.4.13
ZOOKEEPER-3145,2018-09-11,2019-09-11,3.5.4|3.6.0|3.4.13
ZOOKEEPER-3144,2018-09-11,2018-09-14,3.5.4|3.6.0|3.4.13
ZOOKEEPER-3131,2018-08-28,2018-09-07,3.5.3|3.5.4|3.6.0
ZOOKEEPER-3128,2018-08-24,2021-03-28,N/A
ZOOKEEPER-3127,2018-08-23,2018-09-05,3.5.4|3.6.0|3.4.13
ZOOKEEPER-3125,2018-08-20,2018-11-08,N/A
ZOOKEEPER-3121,2018-08-15,2018-08-15,N/A
ZOOKEEPER-3119,2018-08-14,2018-08-15,N/A
ZOOKEEPER-3117,2018-08-11,2018-08-17,N/A
ZOOKEEPER-3113,2018-08-07,2018-10-18,3.5.4|3.6.0
ZOOKEEPER-3112,2018-08-07,2020-07-28,3.5.4|3.4.13
ZOOKEEPER-3105,2018-07-26,2018-07-30,3.5.0|3.6.0|3.4.14
ZOOKEEPER-3104,2018-07-25,2018-08-03,3.5.4|3.6.0|3.4.13
ZOOKEEPER-3100,2018-07-23,2025-12-03,3.4.13
ZOOKEEPER-3093,2018-07-18,2018-07-19,3.5.4|3.6.0
ZOOKEEPER-3082,2018-07-05,2018-07-30,3.6.0|3.4.12|3.5.5
ZOOKEEPER-3079,2018-07-03,2018-07-10,3.5.4
ZOOKEEPER-3072,2018-06-29,2018-07-28,3.5.0|3.5.1|3.5.2|3.5.3|3.5.4
ZOOKEEPER-3059,2018-06-11,2018-06-25,3.4.12
ZOOKEEPER-3056,2018-06-05,2019-09-03,3.5.3|3.5.4
ZOOKEEPER-3051,2018-05-21,2018-05-23,3.5.4|3.6.0
ZOOKEEPER-3050,2018-05-21,2018-05-22,3.5.4|3.6.0
ZOOKEEPER-3042,2018-05-13,2018-07-10,3.5.3|3.6.0|3.4.12
ZOOKEEPER-3041,2018-05-13,2018-05-16,3.5.3
ZOOKEEPER-3039,2018-05-09,2018-05-15,3.5.4|3.6.0|3.4.13
ZOOKEEPER-3038,2018-05-09,2018-05-10,3.5.3
ZOOKEEPER-3034,2018-05-07,2019-02-26,3.4.11
ZOOKEEPER-3027,2018-04-27,2018-04-27,3.5.4|3.6.0|3.4.13
ZOOKEEPER-3025,2018-04-23,2018-04-24,3.5.4|3.6.0
ZOOKEEPER-3016,2018-04-03,2018-04-09,3.4.6
ZOOKEEPER-3009,2018-03-26,2018-06-15,3.6.0|3.4.12
ZOOKEEPER-3007,2018-03-26,2018-04-26,3.6.0
ZOOKEEPER-3006,2018-03-24,2018-04-06,3.6.0
ZOOKEEPER-3001,2018-03-18,2018-03-26,3.5.3
ZOOKEEPER-2998,2018-03-09,2018-03-26,3.6.0
ZOOKEEPER-2997,2018-03-09,2018-03-26,N/A
ZOOKEEPER-2993,2018-03-05,2018-05-23,3.4.10
ZOOKEEPER-2992,2018-03-04,2018-03-05,3.5.3|3.4.11
ZOOKEEPER-2988,2018-03-01,2018-04-30,3.5.3|3.4.11|3.4.12
ZOOKEEPER-2982,2018-02-19,2018-05-08,3.5.0|3.5.1|3.5.3
ZOOKEEPER-2978,2018-02-12,2018-02-20,3.4.11
ZOOKEEPER-2964,2018-01-08,2018-01-19,3.5.3|3.6.0
ZOOKEEPER-2961,2017-12-22,2018-01-19,3.5.3|3.4.11|3.6.0
ZOOKEEPER-2960,2017-12-22,2018-01-08,3.4.11
ZOOKEEPER-2959,2017-12-20,2018-05-10,3.4.10|3.5.3
ZOOKEEPER-2953,2017-12-13,2017-12-16,3.5.3|3.4.11|3.6.0
ZOOKEEPER-2951,2017-12-11,2017-12-12,3.4.11
ZOOKEEPER-2949,2017-11-27,2018-01-30,3.5.3
ZOOKEEPER-2948,2017-11-21,2017-11-22,3.5.3|3.6.0
ZOOKEEPER-2944,2017-11-17,2017-11-21,N/A
ZOOKEEPER-2936,2017-11-08,2018-03-02,3.4.8|3.5.3|3.6.0
ZOOKEEPER-2934,2017-11-06,2017-11-15,3.4.10|3.5.3
ZOOKEEPER-2931,2017-11-05,2017-11-15,3.4.10|3.5.3
ZOOKEEPER-2926,2017-10-27,2018-08-08,3.5.3|3.6.0
ZOOKEEPER-2924,2017-10-26,2017-12-12,3.4.10|3.5.3|3.6.0
ZOOKEEPER-2923,2017-10-23,2017-11-15,3.4.10|3.5.3
ZOOKEEPER-2920,2017-10-17,2018-05-31,3.5.4|3.6.0|3.4.12
ZOOKEEPER-2914,2017-10-04,2017-10-07,3.4.11|3.5.4|3.6.0
ZOOKEEPER-2913,2017-10-02,2018-09-05,3.4.10|3.5.3|3.4.11|3.6.0
ZOOKEEPER-2909,2017-09-29,2017-10-09,3.4.10|3.5.3|3.6.0
ZOOKEEPER-2908,2017-09-29,2017-10-05,3.4.11|3.5.4
ZOOKEEPER-2906,2017-09-28,2017-09-29,3.4.11|3.5.4|3.6.0
ZOOKEEPER-2905,2017-09-25,2017-09-27,N/A
ZOOKEEPER-2901,2017-09-20,2018-05-09,3.5.3
ZOOKEEPER-2894,2017-09-08,2019-07-09,3.4.10
ZOOKEEPER-2893,2017-09-07,2017-12-19,3.4.6|3.5.3|3.6.0
ZOOKEEPER-2891,2017-09-05,2019-08-06,3.4.10
ZOOKEEPER-2890,2017-09-05,2017-10-10,3.4.10|3.5.3|3.6.0
ZOOKEEPER-2886,2017-08-30,2018-07-10,3.4.10|3.5.3|3.6.0
ZOOKEEPER-2885,2017-08-30,2017-08-30,3.5.3
ZOOKEEPER-2874,2017-08-11,2017-08-18,N/A
ZOOKEEPER-2872,2017-08-10,2021-02-11,3.4.10|3.5.3|3.6.0
ZOOKEEPER-2863,2017-08-04,2017-08-04,3.4.10
ZOOKEEPER-2862,2017-08-03,2017-08-03,3.5.3|3.6.0
ZOOKEEPER-2861,2017-08-01,2017-08-18,N/A
ZOOKEEPER-2859,2017-07-26,2017-08-13,N/A
ZOOKEEPER-2853,2017-07-24,2017-08-03,N/A
ZOOKEEPER-2852,2017-07-24,2017-08-03,3.5.3|3.6.0
ZOOKEEPER-2847,2017-07-19,2018-10-01,3.5.3|3.6.0
ZOOKEEPER-2845,2017-07-14,2018-02-23,3.4.10|3.5.3|3.6.0
ZOOKEEPER-2841,2017-07-07,2017-08-01,N/A
ZOOKEEPER-2836,2017-07-04,2020-03-31,3.4.6
ZOOKEEPER-2822,2017-06-27,2018-11-27,3.5.3
ZOOKEEPER-2819,2017-06-23,2017-07-06,3.5.0|3.5.1|3.5.2|3.5.3
ZOOKEEPER-2818,2017-06-23,2017-07-04,N/A
ZOOKEEPER-2811,2017-06-18,2017-07-06,3.4.10
ZOOKEEPER-2809,2017-06-16,2017-09-11,3.4.8
ZOOKEEPER-2808,2017-06-15,2017-06-18,3.6.0
ZOOKEEPER-2806,2017-06-13,2018-03-26,3.4.10|3.5.3|3.6.0
ZOOKEEPER-2804,2017-06-09,2017-08-18,N/A
ZOOKEEPER-2798,2017-06-01,2017-06-08,3.4.10|3.5.3
ZOOKEEPER-2797,2017-05-30,2017-06-01,3.6.0
ZOOKEEPER-2786,2017-05-19,2017-08-09,3.4.10|3.5.3
ZOOKEEPER-2785,2017-05-17,2017-05-18,3.4.10
ZOOKEEPER-2778,2017-05-06,2018-12-07,3.5.3
ZOOKEEPER-2777,2017-05-05,2017-09-11,3.4.10
ZOOKEEPER-2775,2017-05-05,2017-06-12,3.4.10|3.5.3|3.6.0
ZOOKEEPER-2774,2017-05-04,2017-05-18,3.4.8|3.4.9|3.4.10
ZOOKEEPER-2759,2017-04-17,2017-04-27,3.4.10
ZOOKEEPER-2758,2017-04-15,2017-04-24,N/A
ZOOKEEPER-2757,2017-04-14,2017-05-26,3.5.3
ZOOKEEPER-2747,2017-04-06,2017-04-17,3.5.2
ZOOKEEPER-2743,2017-04-01,2017-04-10,3.4.10|3.5.2
ZOOKEEPER-2740,2017-03-27,2017-07-20,3.4.9|3.4.10
ZOOKEEPER-2737,2017-03-24,2017-03-27,3.5.2
ZOOKEEPER-2735,2017-03-23,2017-03-23,N/A
ZOOKEEPER-2728,2017-03-20,2017-06-19,3.4.9
ZOOKEEPER-2726,2017-03-16,2017-03-16,N/A
ZOOKEEPER-2725,2017-03-15,2017-03-21,3.5.2
ZOOKEEPER-2722,2017-03-14,2017-04-17,N/A
ZOOKEEPER-2712,2017-03-08,2017-03-22,N/A
ZOOKEEPER-2710,2017-03-07,2017-03-07,3.4.10
ZOOKEEPER-2706,2017-02-23,2017-03-23,N/A
ZOOKEEPER-2696,2017-02-15,2017-02-27,3.4.10
ZOOKEEPER-2694,2017-02-14,2019-05-23,3.5.0
ZOOKEEPER-2693,2017-02-14,2017-03-07,3.4.0|3.5.1|3.5.2
ZOOKEEPER-2691,2017-02-10,2017-05-26,3.4.8|3.4.9|3.4.10|3.5.0|3.5.1|3.5.2|3.4.11
ZOOKEEPER-2690,2017-02-09,2017-11-15,3.4.9|3.5.2
ZOOKEEPER-2689,2017-02-09,2017-02-13,3.4.9
ZOOKEEPER-2687,2017-02-08,2017-02-15,3.5.2|3.6.0
ZOOKEEPER-2684,2017-02-07,2017-11-03,3.6.0
ZOOKEEPER-2683,2017-02-06,2017-02-13,3.5.2|3.6.0
ZOOKEEPER-2680,2017-01-27,2017-02-10,3.4.9|3.5.1
ZOOKEEPER-2678,2017-01-26,2017-02-14,3.4.9|3.5.2
ZOOKEEPER-2671,2017-01-23,2017-01-23,N/A
ZOOKEEPER-2652,2016-12-22,2016-12-22,3.4.10
ZOOKEEPER-2651,2016-12-22,2017-01-11,3.4.9|3.5.2
ZOOKEEPER-2647,2016-12-16,2017-01-05,N/A
ZOOKEEPER-2646,2016-12-15,2016-12-22,3.4.9
ZOOKEEPER-2642,2016-12-07,2017-02-11,3.5.2
ZOOKEEPER-2636,2016-11-24,2016-11-25,3.5.3
ZOOKEEPER-2635,2016-11-24,2017-03-21,N/A
ZOOKEEPER-2633,2016-11-17,2017-01-23,N/A
ZOOKEEPER-2628,2016-11-05,2016-11-24,3.5.2
ZOOKEEPER-2627,2016-11-03,2016-12-03,3.5.2
ZOOKEEPER-2623,2016-10-28,2023-09-10,N/A
ZOOKEEPER-2622,2016-10-26,2017-01-28,N/A
ZOOKEEPER-2621,2016-10-26,2019-03-18,3.4.9
ZOOKEEPER-2617,2016-10-18,2017-02-14,3.4.9
ZOOKEEPER-2614,2016-10-12,2017-08-01,3.4.9
ZOOKEEPER-2611,2016-10-09,2016-10-09,N/A
ZOOKEEPER-2606,2016-10-04,2016-10-17,N/A
ZOOKEEPER-2590,2016-09-18,2023-12-04,N/A
ZOOKEEPER-2581,2016-09-14,2017-09-11,3.5.1
ZOOKEEPER-2579,2016-09-13,2016-09-18,3.4.9|3.5.2
ZOOKEEPER-2576,2016-09-12,2016-09-13,N/A
ZOOKEEPER-2574,2016-09-09,2017-01-23,3.4.7|3.4.8|3.5.0|3.5.1|3.5.2
ZOOKEEPER-2573,2016-09-09,2017-01-25,3.4.9|3.5.2
ZOOKEEPER-2563,2016-09-08,2019-07-17,3.5.1
ZOOKEEPER-2558,2016-09-06,2016-09-08,3.4.9|3.5.2
ZOOKEEPER-2556,2016-09-06,2016-11-03,3.5.1|3.5.2
ZOOKEEPER-2552,2016-09-05,2016-12-15,3.4.9
ZOOKEEPER-2548,2016-09-02,2016-09-07,N/A
ZOOKEEPER-2542,2016-08-31,2016-12-12,3.4.9
ZOOKEEPER-2539,2016-08-29,2016-09-08,3.5.1|3.5.2
ZOOKEEPER-2536,2016-08-26,2016-09-08,3.5.1|3.5.2
ZOOKEEPER-2517,2016-08-18,2016-12-30,3.5.2
ZOOKEEPER-2500,2016-08-03,2016-08-05,3.5.3
ZOOKEEPER-2498,2016-08-03,2016-08-03,3.4.8|3.5.2
ZOOKEEPER-2478,2016-07-19,2016-07-19,N/A
ZOOKEEPER-2477,2016-07-17,2016-07-29,3.4.8|3.5.2
ZOOKEEPER-2474,2016-07-14,2019-03-12,3.5.2
ZOOKEEPER-2470,2016-07-08,2016-12-22,3.4.7|3.5.1
ZOOKEEPER-2467,2016-07-07,2016-10-16,3.4.8|3.5.1|3.5.2
ZOOKEEPER-2465,2016-07-05,2016-12-30,N/A
ZOOKEEPER-2464,2016-07-04,2017-02-11,3.5.1
ZOOKEEPER-2460,2016-06-30,2017-03-16,3.5.2
ZOOKEEPER-2459,2016-06-29,2016-06-30,N/A
ZOOKEEPER-2458,2016-06-29,2016-06-30,3.5.2|3.6.0
ZOOKEEPER-2452,2016-06-23,2016-08-11,N/A
ZOOKEEPER-2450,2016-06-22,2016-06-22,3.4.8|3.5.1|3.6.0
ZOOKEEPER-2442,2016-06-03,2016-08-03,3.5.1
ZOOKEEPER-2418,2016-04-28,2019-07-03,3.5.1
ZOOKEEPER-2413,2016-04-13,2016-04-24,3.5.1
ZOOKEEPER-2405,2016-03-26,2016-05-25,3.4.8|3.5.1|3.6.0
ZOOKEEPER-2393,2016-03-18,2016-03-19,N/A
ZOOKEEPER-2388,2016-03-14,2016-03-17,3.5.2
ZOOKEEPER-2385,2016-03-09,2016-03-15,N/A
ZOOKEEPER-2383,2016-03-08,2017-01-03,3.4.8
ZOOKEEPER-2380,2016-03-04,2016-06-23,N/A
ZOOKEEPER-2379,2016-03-03,2016-03-05,3.4.9|3.5.2|3.6.0
ZOOKEEPER-2375,2016-02-25,2016-03-02,3.4.6|3.4.8|3.5.0|3.5.1
ZOOKEEPER-2366,2016-02-12,2016-06-23,3.5.0
ZOOKEEPER-2364,2016-02-08,2016-03-21,3.5.2
ZOOKEEPER-2360,2016-02-04,2016-02-05,3.4.7|3.5.1
ZOOKEEPER-2355,2016-01-18,2017-08-03,3.4.8|3.4.9|3.4.10|3.5.1|3.5.2|3.5.3
ZOOKEEPER-2349,2015-12-21,2017-09-11,N/A
ZOOKEEPER-2347,2015-12-16,2016-01-14,3.4.7
ZOOKEEPER-2340,2015-12-09,2015-12-10,N/A
ZOOKEEPER-2338,2015-12-08,2017-12-06,3.5.3|3.4.11|3.6.0
ZOOKEEPER-2335,2015-12-06,2015-12-06,N/A
ZOOKEEPER-2334,2015-12-04,2015-12-16,N/A
ZOOKEEPER-2332,2015-11-27,2024-09-18,3.4.6
ZOOKEEPER-2330,2015-11-23,2016-05-08,3.5.0
ZOOKEEPER-2329,2015-11-21,2015-11-21,N/A
ZOOKEEPER-2325,2015-11-18,2018-10-26,3.4.6
ZOOKEEPER-2323,2015-11-18,2016-08-11,3.4.7|3.5.1
ZOOKEEPER-2319,2015-11-09,2018-06-18,3.4.6
ZOOKEEPER-2317,2015-11-09,2018-05-30,3.5.1
ZOOKEEPER-2316,2015-11-06,2017-04-27,3.5.1
ZOOKEEPER-2311,2015-11-02,2015-12-06,3.4.7|3.5.1
ZOOKEEPER-2310,2015-11-01,2021-02-11,3.4.6
ZOOKEEPER-2307,2015-10-29,2019-12-17,N/A
ZOOKEEPER-2304,2015-10-26,2015-12-06,N/A
ZOOKEEPER-2302,2015-10-25,2015-10-28,N/A
ZOOKEEPER-2301,2015-10-25,2015-12-07,N/A
ZOOKEEPER-2299,2015-10-22,2015-12-07,N/A
ZOOKEEPER-2297,2015-10-19,2016-06-23,3.5.1
ZOOKEEPER-2296,2015-10-18,2015-10-21,N/A
ZOOKEEPER-2295,2015-10-17,2015-12-09,3.4.7|3.5.1
ZOOKEEPER-2294,2015-10-14,2016-03-03,N/A
ZOOKEEPER-2284,2015-09-28,2019-02-22,3.5.0
ZOOKEEPER-2283,2015-09-28,2016-03-14,3.4.8|3.5.0
ZOOKEEPER-2282,2015-09-28,2019-09-27,3.4.6|3.5.0
ZOOKEEPER-2281,2015-09-23,2015-12-09,N/A
ZOOKEEPER-2279,2015-09-21,2015-09-25,3.5.0|3.5.1
ZOOKEEPER-2269,2015-09-09,2015-09-10,3.5.0
ZOOKEEPER-2268,2015-09-08,2015-10-03,3.5.0
ZOOKEEPER-2264,2015-08-31,2015-09-06,N/A
ZOOKEEPER-2261,2015-08-28,2018-09-10,3.5.0
ZOOKEEPER-2256,2015-08-20,2015-09-06,3.5.0
ZOOKEEPER-2253,2015-08-19,2015-09-26,3.5.0
ZOOKEEPER-2252,2015-08-19,2015-12-10,3.5.0
ZOOKEEPER-2251,2015-08-19,2018-07-27,3.4.9|3.5.2|3.4.11
ZOOKEEPER-2249,2015-08-17,2018-01-18,3.5.3|3.4.11|3.6.0
ZOOKEEPER-2247,2015-08-14,2016-08-13,3.5.0
ZOOKEEPER-2245,2015-08-11,2015-09-17,3.5.0
ZOOKEEPER-2244,2015-08-11,2015-09-29,3.5.0
ZOOKEEPER-2243,2015-08-11,2016-02-08,N/A
ZOOKEEPER-2239,2015-08-04,2015-10-26,3.4.6|3.5.0|3.5.1
ZOOKEEPER-2235,2015-07-17,2016-05-03,3.4.6|3.5.0
ZOOKEEPER-2229,2015-07-02,2015-12-10,N/A
ZOOKEEPER-2227,2015-07-01,2015-11-08,3.3.0
ZOOKEEPER-2224,2015-06-30,2015-07-06,N/A
ZOOKEEPER-2221,2015-06-25,2015-06-30,3.5.0
ZOOKEEPER-2213,2015-06-10,2015-06-11,3.4.5
ZOOKEEPER-2212,2015-06-10,2015-06-15,3.5.0
ZOOKEEPER-2211,2015-06-09,2015-12-04,3.4.6|3.5.0
ZOOKEEPER-2210,2015-06-09,2015-06-22,N/A
ZOOKEEPER-2201,2015-06-02,2015-06-06,3.4.6|3.5.0
ZOOKEEPER-2198,2015-05-30,2015-05-31,N/A
ZOOKEEPER-2197,2015-05-30,2015-06-02,N/A
ZOOKEEPER-2195,2015-05-21,2016-03-20,3.4.6|3.5.0
ZOOKEEPER-2193,2015-05-20,2015-06-27,3.5.0
ZOOKEEPER-2190,2015-05-14,2015-05-14,N/A
ZOOKEEPER-2187,2015-05-09,2015-05-29,N/A
ZOOKEEPER-2186,2015-05-08,2015-05-24,3.4.6|3.5.0
ZOOKEEPER-2184,2015-05-07,2018-06-22,3.4.6|3.4.7|3.4.8|3.4.9|3.4.10|3.5.0|3.5.1|3.5.2|3.5.3|3.4.11
ZOOKEEPER-2182,2015-05-07,2015-05-12,3.5.0
ZOOKEEPER-2178,2015-05-02,2015-06-01,3.5.0
ZOOKEEPER-2174,2015-04-21,2015-05-03,N/A
ZOOKEEPER-2173,2015-04-21,2015-04-28,N/A
ZOOKEEPER-2172,2015-04-21,2016-09-08,3.5.0
ZOOKEEPER-2171,2015-04-21,2015-05-09,N/A
ZOOKEEPER-2164,2015-04-14,2020-03-12,3.4.5
ZOOKEEPER-2157,2015-04-03,2015-04-07,N/A
ZOOKEEPER-2156,2015-04-03,2015-05-20,N/A
ZOOKEEPER-2146,2015-03-20,2015-03-25,N/A
ZOOKEEPER-2142,2015-03-16,2015-10-31,3.4.6|3.5.1
ZOOKEEPER-2141,2015-03-16,2016-04-06,3.4.6
ZOOKEEPER-2133,2015-03-05,2016-03-11,3.4.6|3.5.0
ZOOKEEPER-2124,2015-02-20,2015-05-24,3.4.6
ZOOKEEPER-2114,2015-02-05,2015-02-22,3.5.0
ZOOKEEPER-2111,2015-01-27,2015-01-31,N/A
ZOOKEEPER-2109,2015-01-26,2015-03-16,3.5.0
ZOOKEEPER-2108,2015-01-26,2022-05-04,3.4.6
ZOOKEEPER-2096,2014-12-19,2015-06-02,3.4.6|3.5.0
ZOOKEEPER-2082,2014-11-14,2018-10-21,3.4.6
ZOOKEEPER-2074,2014-11-07,2016-08-10,3.5.0
ZOOKEEPER-2073,2014-11-04,2015-02-22,3.6.0
ZOOKEEPER-2072,2014-10-28,2015-01-30,N/A
ZOOKEEPER-2064,2014-10-21,2014-11-29,N/A
ZOOKEEPER-2062,2014-10-14,2015-05-05,3.5.0
ZOOKEEPER-2060,2014-10-14,2014-11-19,3.4.6|3.5.0
ZOOKEEPER-2058,2014-10-09,2014-10-13,N/A
ZOOKEEPER-2056,2014-10-08,2015-04-07,3.4.6|3.5.0
ZOOKEEPER-2054,2014-10-07,2014-10-08,N/A
ZOOKEEPER-2052,2014-10-02,2014-10-28,3.4.6|3.5.0
ZOOKEEPER-2049,2014-09-29,2014-10-16,3.4.5|3.4.6|3.5.0
ZOOKEEPER-2044,2014-09-22,2017-01-31,3.4.6
ZOOKEEPER-2039,2014-09-16,2014-09-18,3.4.6|3.5.0
ZOOKEEPER-2033,2014-09-10,2015-09-03,3.4.6
ZOOKEEPER-2030,2014-09-07,2014-09-17,3.5.0
ZOOKEEPER-2029,2014-09-05,2015-04-11,3.4.6
ZOOKEEPER-2026,2014-09-02,2014-09-28,3.4.6|3.5.0
ZOOKEEPER-2014,2014-08-21,2016-11-13,3.5.0
ZOOKEEPER-2013,2014-08-19,2014-08-20,N/A
ZOOKEEPER-2008,2014-08-12,2014-08-14,3.5.0
ZOOKEEPER-2006,2014-08-07,2014-08-19,3.5.0
ZOOKEEPER-1999,2014-07-30,2014-08-01,3.5.0
ZOOKEEPER-1998,2014-07-29,2020-05-17,3.5.0
ZOOKEEPER-1992,2014-07-28,2014-08-01,3.5.0
ZOOKEEPER-1991,2014-07-26,2016-03-02,3.4.6
ZOOKEEPER-1990,2014-07-25,2018-09-10,3.5.0
ZOOKEEPER-1987,2014-07-24,2014-11-07,3.5.0
ZOOKEEPER-1984,2014-07-22,2014-07-23,3.5.0
ZOOKEEPER-1974,2014-07-19,2014-07-25,3.5.0
ZOOKEEPER-1973,2014-07-19,2014-07-21,3.5.0
ZOOKEEPER-1969,2014-07-18,2014-07-18,N/A
ZOOKEEPER-1966,2014-07-15,2014-07-16,3.5.0
ZOOKEEPER-1964,2014-07-11,2014-07-14,N/A
ZOOKEEPER-1952,2014-07-02,2015-03-01,3.4.6
ZOOKEEPER-1949,2014-06-27,2015-02-11,N/A
ZOOKEEPER-1945,2014-06-24,2014-06-25,3.4.6
ZOOKEEPER-1943,2014-06-19,2014-06-23,3.4.6
ZOOKEEPER-1939,2014-06-12,2014-06-25,N/A
ZOOKEEPER-1937,2014-06-11,2014-07-24,3.4.6
ZOOKEEPER-1936,2014-06-10,2020-01-23,3.4.6|3.5.0
ZOOKEEPER-1933,2014-06-03,2014-07-25,3.4.6
ZOOKEEPER-1932,2014-06-02,2017-05-11,3.5.0
ZOOKEEPER-1930,2014-05-28,2014-05-28,N/A
ZOOKEEPER-1929,2014-05-24,2015-11-21,3.3.5|3.4.6|3.5.1
ZOOKEEPER-1927,2014-05-10,2015-08-25,3.4.6
ZOOKEEPER-1926,2014-05-08,2014-05-09,N/A
ZOOKEEPER-1923,2014-05-05,2014-05-08,3.4.6
ZOOKEEPER-1919,2014-04-25,2018-05-29,3.5.0
ZOOKEEPER-1917,2014-04-22,2014-10-13,N/A
ZOOKEEPER-1913,2014-04-18,2014-04-18,3.4.6|3.5.0
ZOOKEEPER-1911,2014-04-11,2014-04-25,3.4.6|3.5.0
ZOOKEEPER-1910,2014-04-11,2014-04-29,N/A
ZOOKEEPER-1909,2014-04-09,2014-04-17,3.5.0
ZOOKEEPER-1906,2014-03-31,2014-04-01,3.4.6|3.5.0
ZOOKEEPER-1901,2014-03-23,2014-03-23,3.4.6
ZOOKEEPER-1900,2014-03-21,2014-06-30,3.4.5|3.4.6
ZOOKEEPER-1898,2014-03-20,2016-07-26,3.4.5
ZOOKEEPER-1897,2014-03-18,2014-04-03,3.4.6
ZOOKEEPER-1895,2014-03-16,2014-05-16,3.4.7|3.5.0
ZOOKEEPER-1894,2014-03-14,2014-03-28,3.5.0
ZOOKEEPER-1893,2014-03-13,2015-03-15,N/A
ZOOKEEPER-1891,2014-03-10,2014-05-10,3.5.0
ZOOKEEPER-1888,2014-02-25,2014-03-14,3.4.5
ZOOKEEPER-1883,2014-02-18,2014-03-13,N/A
ZOOKEEPER-1878,2014-02-09,2014-03-27,3.4.5
ZOOKEEPER-1877,2014-02-06,2014-07-24,3.5.0
ZOOKEEPER-1870,2014-01-28,2014-08-28,3.4.6
ZOOKEEPER-1864,2014-01-20,2014-05-17,N/A
ZOOKEEPER-1863,2014-01-15,2014-07-15,3.5.0
ZOOKEEPER-1862,2014-01-13,2014-03-14,3.5.0
ZOOKEEPER-1861,2014-01-11,2014-02-14,3.5.0
ZOOKEEPER-1860,2014-01-11,2014-01-13,3.5.0
ZOOKEEPER-1853,2013-12-28,2015-11-08,3.4.6|3.5.0
ZOOKEEPER-1851,2013-12-23,2014-07-18,3.5.0
ZOOKEEPER-1844,2013-12-16,2014-02-12,3.4.5|3.5.0
ZOOKEEPER-1843,2013-12-16,2014-04-26,N/A
ZOOKEEPER-1840,2013-12-14,2014-04-16,3.5.0
ZOOKEEPER-1839,2013-12-13,2013-12-16,3.4.5
ZOOKEEPER-1836,2013-12-13,2014-05-15,N/A
ZOOKEEPER-1835,2013-12-12,2014-07-04,3.5.0
ZOOKEEPER-1833,2013-12-07,2015-11-03,3.4.5
ZOOKEEPER-1823,2013-11-28,2018-09-12,N/A
ZOOKEEPER-1821,2013-11-23,2013-11-27,3.4.6|3.5.0
ZOOKEEPER-1819,2013-11-21,2014-04-25,3.5.0
ZOOKEEPER-1818,2013-11-16,2018-12-17,3.5.1
ZOOKEEPER-1812,2013-11-10,2013-11-12,3.4.5|3.5.0
ZOOKEEPER-1811,2013-11-07,2014-02-10,3.4.5
ZOOKEEPER-1810,2013-11-06,2014-07-08,3.5.0
ZOOKEEPER-1807,2013-11-01,2018-05-10,N/A
ZOOKEEPER-1805,2013-10-30,2014-03-13,N/A
ZOOKEEPER-1803,2013-10-26,2015-09-25,N/A
ZOOKEEPER-1799,2013-10-22,2013-10-22,3.4.5
ZOOKEEPER-1798,2013-10-20,2013-11-14,N/A
ZOOKEEPER-1797,2013-10-18,2014-05-18,3.4.5
ZOOKEEPER-1795,2013-10-14,2013-10-14,3.5.0
ZOOKEEPER-1791,2013-10-11,2014-05-18,3.5.0
ZOOKEEPER-1789,2013-10-10,2014-07-23,3.5.0
ZOOKEEPER-1786,2013-10-09,2013-11-15,3.4.6
ZOOKEEPER-1784,2013-10-08,2015-01-25,3.5.0
ZOOKEEPER-1783,2013-10-07,2013-11-07,3.5.0
ZOOKEEPER-1782,2013-10-04,2017-06-23,3.4.5
ZOOKEEPER-1781,2013-10-04,2013-10-07,3.4.5
ZOOKEEPER-1779,2013-10-02,2014-03-05,3.5.0
ZOOKEEPER-1774,2013-10-01,2013-10-08,3.4.6
ZOOKEEPER-1773,2013-10-01,2013-10-03,3.5.0
ZOOKEEPER-1770,2013-09-30,2013-10-01,3.4.5
ZOOKEEPER-1769,2013-09-29,2013-10-01,3.5.0
ZOOKEEPER-1765,2013-09-25,2013-10-02,N/A
ZOOKEEPER-1756,2013-09-08,2013-12-16,3.3.4|3.4.5
ZOOKEEPER-1755,2013-09-07,2014-02-19,3.4.5
ZOOKEEPER-1754,2013-09-06,2013-09-17,3.5.0
ZOOKEEPER-1753,2013-09-05,2013-09-18,N/A
ZOOKEEPER-1752,2013-09-01,2019-03-03,N/A
ZOOKEEPER-1751,2013-08-31,2013-09-18,3.3.5|3.4.5
ZOOKEEPER-1750,2013-08-30,2013-10-04,3.5.0
ZOOKEEPER-1745,2013-08-26,2014-04-25,3.4.5
ZOOKEEPER-1744,2013-08-22,2013-10-24,3.4.5
ZOOKEEPER-1740,2013-08-15,2016-02-07,3.3.4
ZOOKEEPER-1733,2013-07-20,2013-12-18,3.4.5
ZOOKEEPER-1732,2013-07-19,2013-10-30,3.4.5
ZOOKEEPER-1731,2013-07-16,2013-08-02,N/A
ZOOKEEPER-1725,2013-07-13,2014-03-31,3.5.0
ZOOKEEPER-1719,2013-06-25,2013-06-28,3.4.5|3.5.0
ZOOKEEPER-1714,2013-06-06,2013-06-21,3.4.5
ZOOKEEPER-1713,2013-06-06,2013-09-02,3.4.5
ZOOKEEPER-1706,2013-05-13,2013-05-13,3.4.5
ZOOKEEPER-1702,2013-05-09,2013-07-01,3.4.2
ZOOKEEPER-1700,2013-05-08,2013-05-11,3.5.0
ZOOKEEPER-1699,2013-05-03,2014-05-21,3.5.0
ZOOKEEPER-1697,2013-05-01,2013-05-11,3.4.3|3.5.0
ZOOKEEPER-1696,2013-04-24,2013-09-27,3.4.5
ZOOKEEPER-1695,2013-04-23,2014-04-30,3.5.0
ZOOKEEPER-1686,2013-04-05,2013-09-30,3.4.5
ZOOKEEPER-1683,2013-04-04,2014-07-17,3.5.0
ZOOKEEPER-1673,2013-03-19,2014-04-25,3.4.5
ZOOKEEPER-1672,2013-03-19,2013-03-20,3.5.0
ZOOKEEPER-1670,2013-03-15,2013-10-01,3.4.5
ZOOKEEPER-1667,2013-03-14,2013-10-22,3.3.6|3.4.5
ZOOKEEPER-1664,2013-03-13,2013-09-11,3.4.5|3.5.0
ZOOKEEPER-1663,2013-03-12,2013-05-20,3.4.5
ZOOKEEPER-1662,2013-03-09,2014-03-11,3.5.0
ZOOKEEPER-1659,2013-03-07,2014-06-04,3.5.0
ZOOKEEPER-1657,2013-03-01,2013-09-18,3.4.5
ZOOKEEPER-1655,2013-02-28,2013-10-01,3.4.2
ZOOKEEPER-1653,2013-02-27,2013-11-26,3.4.5
ZOOKEEPER-1648,2013-02-18,2013-02-19,N/A
ZOOKEEPER-1647,2013-02-17,2013-02-19,3.4.6|3.5.0
ZOOKEEPER-1646,2013-02-12,2013-10-17,3.4.5|3.5.0
ZOOKEEPER-1645,2013-02-12,2013-02-16,3.4.6|3.5.0
ZOOKEEPER-1643,2013-02-09,2013-02-20,3.3.3
ZOOKEEPER-1642,2013-02-08,2013-05-16,N/A
ZOOKEEPER-1641,2013-02-06,2013-02-16,N/A
ZOOKEEPER-1636,2013-01-31,2018-12-10,3.4.3
ZOOKEEPER-1633,2013-01-30,2013-04-02,N/A
ZOOKEEPER-1632,2013-01-29,2013-12-04,N/A
ZOOKEEPER-1629,2013-01-25,2013-07-15,N/A
ZOOKEEPER-1628,2013-01-24,2013-01-25,N/A
ZOOKEEPER-1625,2013-01-19,2013-01-23,3.5.0
ZOOKEEPER-1624,2013-01-18,2013-10-10,N/A
ZOOKEEPER-1622,2013-01-16,2013-12-16,3.4.0|3.5.0
ZOOKEEPER-1620,2013-01-15,2013-01-25,3.5.0
ZOOKEEPER-1613,2012-12-30,2013-01-25,3.4.5
ZOOKEEPER-1610,2012-12-26,2013-10-11,3.4.5|3.5.0
ZOOKEEPER-1606,2012-12-21,2013-02-19,3.4.5|3.5.0
ZOOKEEPER-1603,2012-12-16,2013-09-26,3.5.0
ZOOKEEPER-1602,2012-12-15,2012-12-16,3.5.0
ZOOKEEPER-1597,2012-12-04,2013-11-17,3.5.0
ZOOKEEPER-1596,2012-12-03,2012-12-11,3.4.5|3.5.0
ZOOKEEPER-1591,2012-11-27,2012-11-30,3.5.0
ZOOKEEPER-1590,2012-11-27,2012-11-28,3.5.0
ZOOKEEPER-1585,2012-11-19,2012-11-27,3.5.0
ZOOKEEPER-1581,2012-11-08,2012-12-12,N/A
ZOOKEEPER-1580,2012-11-08,2018-01-30,3.5.3|3.4.11|3.6.0
ZOOKEEPER-1578,2012-11-08,2012-12-17,3.4.3
ZOOKEEPER-1576,2012-11-07,2014-06-28,3.5.0
ZOOKEEPER-1575,2012-11-07,2014-04-04,N/A
ZOOKEEPER-1573,2012-11-01,2014-02-10,3.4.3|3.5.0
ZOOKEEPER-1563,2012-10-13,2012-12-28,3.4.4
ZOOKEEPER-1562,2012-10-13,2013-02-03,3.4.3|3.4.4
ZOOKEEPER-1560,2012-10-10,2012-10-31,3.4.4|3.5.0
ZOOKEEPER-1557,2012-10-04,2013-10-24,3.4.5|3.5.0
ZOOKEEPER-1554,2012-10-03,2013-10-30,3.4.4
ZOOKEEPER-1553,2012-10-01,2012-12-12,3.5.0
ZOOKEEPER-1551,2012-10-01,2013-10-08,3.4.3
ZOOKEEPER-1550,2012-09-26,2012-09-28,3.4.4
ZOOKEEPER-1540,2012-08-23,2012-09-25,3.5.0
ZOOKEEPER-1538,2012-08-22,2012-09-07,3.4.3
ZOOKEEPER-1536,2012-08-16,2012-08-30,3.4.3
ZOOKEEPER-1535,2012-08-14,2012-12-31,N/A
ZOOKEEPER-1533,2012-08-13,2012-08-14,3.3.0|3.3.1|3.3.2|3.3.3|3.3.4|3.4.0|3.4.1|3.4.2|3.4.3|3.3.5|3.3.6|3.4.4|3.5.0
ZOOKEEPER-1522,2012-07-30,2012-08-01,3.4.3|3.5.0
ZOOKEEPER-1521,2012-07-26,2012-07-29,3.4.3|3.3.5|3.5.0
ZOOKEEPER-1518,2012-07-25,2012-08-01,3.4.3
ZOOKEEPER-1514,2012-07-20,2012-08-02,3.3.4
ZOOKEEPER-1513,2012-07-20,2012-12-12,3.3.4
ZOOKEEPER-1501,2012-07-04,2012-09-07,3.4.3
ZOOKEEPER-1499,2012-07-03,2013-10-24,3.5.0
ZOOKEEPER-1496,2012-06-28,2012-09-17,3.4.3
ZOOKEEPER-1495,2012-06-28,2013-01-25,3.4.2|3.3.5
ZOOKEEPER-1494,2012-06-22,2012-09-10,3.4.2|3.3.5
ZOOKEEPER-1493,2012-06-20,2012-07-29,3.4.3|3.3.5
ZOOKEEPER-1490,2012-06-19,2012-06-30,N/A
ZOOKEEPER-1489,2012-06-18,2012-07-17,3.4.3|3.3.5
ZOOKEEPER-1483,2012-06-11,2012-09-14,3.4.3
ZOOKEEPER-1478,2012-06-03,2012-12-13,3.4.3
ZOOKEEPER-1474,2012-05-30,2012-11-28,3.4.0|3.4.3|3.4.4|3.4.5
ZOOKEEPER-1471,2012-05-21,2012-06-30,3.4.3
ZOOKEEPER-1466,2012-05-15,2012-06-29,3.4.0|3.3.5|3.5.0
ZOOKEEPER-1465,2012-05-10,2012-07-05,3.4.3
ZOOKEEPER-1462,2012-05-03,2013-10-02,3.4.3
ZOOKEEPER-1460,2012-04-30,2016-06-23,3.4.3
ZOOKEEPER-1451,2012-04-19,2012-04-25,3.4.3
ZOOKEEPER-1448,2012-04-17,2013-09-05,3.3.5
ZOOKEEPER-1440,2012-04-01,2014-03-12,3.4.3
ZOOKEEPER-1439,2012-04-01,2012-04-26,3.4.3|3.3.5
ZOOKEEPER-1437,2012-03-29,2012-09-09,3.4.3
ZOOKEEPER-1431,2012-03-23,2012-06-19,3.4.3
ZOOKEEPER-1427,2012-03-19,2012-07-17,3.4.3
ZOOKEEPER-1419,2012-03-16,2012-03-20,3.4.3|3.5.0
ZOOKEEPER-1417,2012-03-15,2013-06-06,3.4.0
ZOOKEEPER-1412,2012-03-12,2012-03-15,3.3.3|3.3.4|3.4.0|3.4.1|3.4.2|3.4.3
ZOOKEEPER-1406,2012-03-06,2012-03-18,3.4.3
ZOOKEEPER-1404,2012-03-05,2012-12-14,3.4.3
ZOOKEEPER-1403,2012-03-02,2012-03-18,3.3.4|3.4.3
ZOOKEEPER-1395,2012-02-21,2012-03-30,3.3.4
ZOOKEEPER-1392,2012-02-13,2019-02-06,3.4.2
ZOOKEEPER-1388,2012-02-07,2013-12-17,3.4.0
ZOOKEEPER-1387,2012-02-06,2012-12-13,3.4.2
ZOOKEEPER-1386,2012-02-03,2012-02-27,N/A
ZOOKEEPER-1384,2012-02-01,2012-03-19,3.4.2
ZOOKEEPER-1382,2012-01-31,2013-12-11,3.4.5
ZOOKEEPER-1380,2012-01-30,2012-09-07,3.3.3|3.3.4|3.4.0|3.4.1|3.4.2
ZOOKEEPER-1379,2012-01-30,2013-09-02,3.4.0
ZOOKEEPER-1376,2012-01-27,2012-09-21,3.3.3|3.3.4
ZOOKEEPER-1374,2012-01-24,2012-02-06,3.3.4
ZOOKEEPER-1373,2012-01-24,2012-02-06,3.4.2
ZOOKEEPER-1371,2012-01-24,2015-11-21,3.4.0|3.4.1|3.4.2|3.4.3
ZOOKEEPER-1370,2012-01-24,2012-02-06,N/A
ZOOKEEPER-1367,2012-01-20,2012-01-31,3.4.2
ZOOKEEPER-1366,2012-01-19,2015-02-06,N/A
ZOOKEEPER-1361,2012-01-13,2012-09-17,3.4.2
ZOOKEEPER-1358,2012-01-10,2012-01-16,N/A
ZOOKEEPER-1357,2012-01-09,2014-04-14,3.5.0
ZOOKEEPER-1354,2012-01-07,2012-03-02,3.4.0
ZOOKEEPER-1353,2012-01-06,2012-02-06,3.3.4
ZOOKEEPER-1352,2012-01-05,2012-02-06,3.3.4
ZOOKEEPER-1351,2012-01-04,2012-01-16,3.4.0
ZOOKEEPER-1348,2011-12-31,2012-02-06,3.4.2
ZOOKEEPER-1344,2011-12-26,2012-03-17,3.4.0
ZOOKEEPER-1343,2011-12-23,2012-01-04,3.4.0
ZOOKEEPER-1340,2011-12-22,2012-02-06,3.4.0
ZOOKEEPER-1339,2011-12-22,2012-05-08,3.4.1
ZOOKEEPER-1338,2011-12-22,2012-02-06,3.4.0
ZOOKEEPER-1336,2011-12-21,2012-02-06,3.4.1
ZOOKEEPER-1334,2011-12-20,2012-12-19,3.4.0
ZOOKEEPER-1333,2011-12-20,2011-12-21,3.4.0
ZOOKEEPER-1331,2011-12-19,2011-12-28,3.2.2
ZOOKEEPER-1327,2011-12-13,2012-02-06,N/A
ZOOKEEPER-1323,2011-12-09,2011-12-14,3.4.0
ZOOKEEPER-1319,2011-12-06,2011-12-09,3.4.0
ZOOKEEPER-1318,2011-12-04,2012-05-10,3.3.3
ZOOKEEPER-1317,2011-12-04,2011-12-09,3.3.3|3.4.0
ZOOKEEPER-1316,2011-12-04,2011-12-08,3.3.3|3.4.0
ZOOKEEPER-1315,2011-12-04,2011-12-09,3.3.4|3.4.0
ZOOKEEPER-1311,2011-11-30,2011-12-01,3.4.0
ZOOKEEPER-1309,2011-11-29,2012-02-27,3.3.4
ZOOKEEPER-1307,2011-11-23,2012-03-17,N/A
ZOOKEEPER-1305,2011-11-18,2011-12-08,3.3.3
ZOOKEEPER-1299,2011-11-16,2011-11-16,3.4.0
ZOOKEEPER-1295,2011-11-09,2016-05-28,3.5.2
ZOOKEEPER-1294,2011-11-09,2012-01-14,N/A
ZOOKEEPER-1283,2011-11-03,2011-11-15,3.3.3
ZOOKEEPER-1277,2011-11-02,2012-03-15,3.3.3
ZOOKEEPER-1273,2011-10-30,2011-10-31,N/A
ZOOKEEPER-1271,2011-10-28,2011-11-02,3.3.4|3.4.0|3.5.0
ZOOKEEPER-1270,2011-10-28,2011-11-05,N/A
ZOOKEEPER-1269,2011-10-28,2011-12-09,3.4.0
ZOOKEEPER-1268,2011-10-28,2011-11-01,3.4.0|3.5.0
ZOOKEEPER-1265,2011-10-28,2011-10-28,N/A
ZOOKEEPER-1264,2011-10-28,2011-11-05,3.3.3|3.4.0|3.5.0
ZOOKEEPER-1262,2011-10-27,2011-12-28,3.3.3
ZOOKEEPER-1256,2011-10-27,2016-07-29,N/A
ZOOKEEPER-1241,2011-10-23,2011-10-24,3.3.3
ZOOKEEPER-1238,2011-10-20,2014-01-12,3.4.0|3.5.0
ZOOKEEPER-1236,2011-10-20,2012-06-30,3.4.0|3.4.3
ZOOKEEPER-1222,2011-10-12,2014-07-08,3.3.3|3.4.0
ZOOKEEPER-1220,2011-10-12,2011-12-14,3.3.3
ZOOKEEPER-1214,2011-10-05,2014-05-18,N/A
ZOOKEEPER-1212,2011-10-03,2011-10-19,3.3.3|3.4.0|3.5.0
ZOOKEEPER-1210,2011-09-28,2012-06-30,3.4.0
ZOOKEEPER-1208,2011-09-28,2011-11-14,3.3.3
ZOOKEEPER-1206,2011-09-27,2011-09-29,3.3.3
ZOOKEEPER-1203,2011-09-23,2011-09-29,N/A
ZOOKEEPER-1195,2011-09-20,2011-09-29,3.4.0
ZOOKEEPER-1194,2011-09-20,2011-11-05,N/A
ZOOKEEPER-1192,2011-09-19,2011-11-05,N/A
ZOOKEEPER-1190,2011-09-17,2011-10-07,3.4.0|3.5.0
ZOOKEEPER-1189,2011-09-16,2011-09-27,3.3.3
ZOOKEEPER-1185,2011-09-15,2011-09-27,3.4.0
ZOOKEEPER-1184,2011-09-14,2011-09-17,3.5.0
ZOOKEEPER-1181,2011-09-13,2011-10-24,3.4.0
ZOOKEEPER-1179,2011-09-13,2014-02-12,3.4.0
ZOOKEEPER-1174,2011-09-08,2011-09-30,3.3.3
ZOOKEEPER-1171,2011-09-02,2011-09-13,3.4.0
ZOOKEEPER-1168,2011-08-31,2011-09-01,3.4.0
ZOOKEEPER-1165,2011-08-29,2011-09-02,3.4.0
ZOOKEEPER-1163,2011-08-25,2012-06-25,3.3.3
ZOOKEEPER-1156,2011-08-18,2011-09-05,3.3.3
ZOOKEEPER-1154,2011-08-15,2011-09-05,3.3.3
ZOOKEEPER-1152,2011-08-12,2011-08-21,3.3.3|3.4.0
ZOOKEEPER-1146,2011-08-04,2011-08-14,3.4.0
ZOOKEEPER-1144,2011-08-03,2011-08-11,3.4.0
ZOOKEEPER-1142,2011-08-03,2011-08-11,3.4.0
ZOOKEEPER-1141,2011-08-02,2011-08-15,3.4.0
ZOOKEEPER-1140,2011-07-29,2011-08-30,3.4.0
ZOOKEEPER-1139,2011-07-27,2011-07-28,3.4.0
ZOOKEEPER-1138,2011-07-27,2011-07-28,3.4.0
ZOOKEEPER-1136,2011-07-26,2011-09-14,N/A
ZOOKEEPER-1134,2011-07-22,2011-07-25,3.4.0
ZOOKEEPER-1128,2011-07-19,2011-07-28,3.3.3
ZOOKEEPER-1124,2011-07-13,2011-07-15,3.4.0
ZOOKEEPER-1119,2011-07-07,2011-07-25,3.3.3
ZOOKEEPER-1117,2011-07-05,2011-08-26,3.3.3|3.4.0
ZOOKEEPER-1111,2011-06-30,2011-07-19,N/A
ZOOKEEPER-1109,2011-06-24,2011-07-25,3.3.0|3.3.1|3.3.2|3.3.3
ZOOKEEPER-1108,2011-06-23,2011-09-09,3.3.3
ZOOKEEPER-1105,2011-06-23,2020-02-05,3.3.2|3.4.3
ZOOKEEPER-1101,2011-06-21,2011-08-01,N/A
ZOOKEEPER-1100,2011-06-21,2011-12-26,3.3.3
ZOOKEEPER-1097,2011-06-16,2011-06-26,3.3.3|3.4.0
ZOOKEEPER-1090,2011-06-09,2011-07-28,3.3.3
ZOOKEEPER-1089,2011-06-09,2011-12-28,3.3.4|3.4.0
ZOOKEEPER-1087,2011-06-06,2011-06-21,3.3.3
ZOOKEEPER-1086,2011-06-01,2011-10-19,N/A
ZOOKEEPER-1083,2011-05-31,2011-06-13,N/A
ZOOKEEPER-1077,2011-05-26,2015-05-18,3.3.4
ZOOKEEPER-1076,2011-05-25,2011-07-29,3.4.0
ZOOKEEPER-1074,2011-05-25,2011-06-27,3.3.3|3.4.0
ZOOKEEPER-1073,2011-05-25,2011-07-07,3.4.0
ZOOKEEPER-1069,2011-05-23,2011-07-17,3.3.3
ZOOKEEPER-1068,2011-05-23,2011-06-21,N/A
ZOOKEEPER-1063,2011-05-17,2011-07-15,N/A
ZOOKEEPER-1062,2011-05-13,2014-05-16,3.3.1|3.4.5|3.4.6
ZOOKEEPER-1061,2011-05-10,2011-05-16,3.3.2
ZOOKEEPER-1060,2011-05-10,2011-06-14,3.4.0
ZOOKEEPER-1059,2011-05-04,2011-05-16,N/A
ZOOKEEPER-1058,2011-05-04,2011-05-20,N/A
ZOOKEEPER-1057,2011-05-03,2014-01-09,3.3.1|3.3.2|3.3.3
ZOOKEEPER-1055,2011-04-26,2011-08-15,3.4.0
ZOOKEEPER-1052,2011-04-24,2011-05-03,3.3.2
ZOOKEEPER-1051,2011-04-21,2011-08-30,3.3.2|3.3.3|3.4.0
ZOOKEEPER-1050,2011-04-21,2012-01-06,3.3.2
ZOOKEEPER-1049,2011-04-16,2011-05-03,3.3.2
ZOOKEEPER-1048,2011-04-13,2012-05-06,3.3.1
ZOOKEEPER-1046,2011-04-12,2011-07-14,3.3.2|3.3.3
ZOOKEEPER-1034,2011-03-27,2011-08-15,3.3.3
ZOOKEEPER-1033,2011-03-27,2011-05-04,3.3.3
ZOOKEEPER-1029,2011-03-25,2015-12-11,3.3.2|3.4.6|3.5.0
ZOOKEEPER-1028,2011-03-24,2011-04-06,3.3.3
ZOOKEEPER-1027,2011-03-24,2011-07-25,3.3.3
ZOOKEEPER-1013,2011-03-11,2011-03-15,N/A
ZOOKEEPER-1007,2011-03-04,2011-03-15,3.3.3
ZOOKEEPER-1006,2011-03-03,2011-07-27,3.3.3
ZOOKEEPER-994,2011-02-17,2011-02-27,3.3.2
ZOOKEEPER-985,2011-02-09,2011-02-18,N/A
ZOOKEEPER-983,2011-02-03,2011-02-27,3.3.2
ZOOKEEPER-981,2011-02-01,2011-09-14,3.3.2
ZOOKEEPER-976,2011-01-18,2011-02-27,3.3.2
ZOOKEEPER-975,2011-01-14,2011-04-29,3.3.2
ZOOKEEPER-973,2011-01-05,2012-01-23,3.3.2
ZOOKEEPER-963,2010-12-23,2010-12-29,N/A
ZOOKEEPER-962,2010-12-21,2011-01-23,3.3.2
ZOOKEEPER-961,2010-12-21,2011-09-14,3.3.1
ZOOKEEPER-958,2010-12-15,2010-12-21,3.4.0
ZOOKEEPER-957,2010-12-13,2010-12-15,3.3.2
ZOOKEEPER-937,2010-11-19,2010-12-07,3.3.0|3.3.1|3.3.2
ZOOKEEPER-930,2010-11-15,2010-11-16,3.3.2
ZOOKEEPER-921,2010-11-08,2010-12-29,3.3.1|3.4.0
ZOOKEEPER-916,2010-11-03,2010-11-05,N/A
ZOOKEEPER-913,2010-10-26,2011-01-27,3.3.1
ZOOKEEPER-907,2010-10-20,2010-11-04,3.3.1
ZOOKEEPER-904,2010-10-19,2010-10-26,3.3.1
ZOOKEEPER-902,2010-10-18,2011-02-07,3.4.0
ZOOKEEPER-898,2010-10-14,2010-10-28,N/A
ZOOKEEPER-897,2010-10-14,2010-10-28,N/A
ZOOKEEPER-895,2010-10-14,2010-11-19,N/A
ZOOKEEPER-893,2010-10-11,2010-10-19,3.3.1
ZOOKEEPER-889,2010-10-07,2010-10-07,3.3.1
ZOOKEEPER-888,2010-10-06,2010-10-19,3.3.1
ZOOKEEPER-886,2010-10-05,2010-10-11,N/A
ZOOKEEPER-884,2010-10-01,2010-11-05,3.3.1
ZOOKEEPER-882,2010-09-28,2010-12-23,N/A
ZOOKEEPER-881,2010-09-28,2010-10-18,N/A
ZOOKEEPER-880,2010-09-27,2011-03-16,3.4.0
ZOOKEEPER-877,2010-09-22,2013-10-08,3.3.1
ZOOKEEPER-876,2010-09-21,2013-07-01,3.4.0
ZOOKEEPER-874,2010-09-17,2011-04-13,3.3.1
ZOOKEEPER-870,2010-09-14,2010-09-15,N/A
ZOOKEEPER-867,2010-09-07,2010-09-14,3.4.0
ZOOKEEPER-861,2010-09-02,2010-09-07,N/A
ZOOKEEPER-855,2010-08-26,2010-10-18,3.3.0|3.3.1
ZOOKEEPER-854,2010-08-19,2010-08-28,3.3.1
ZOOKEEPER-846,2010-08-12,2010-09-22,3.2.2
ZOOKEEPER-844,2010-08-12,2010-10-06,3.3.1
ZOOKEEPER-833,2010-08-06,2011-09-05,N/A
ZOOKEEPER-831,2010-08-04,2010-09-17,3.3.1
ZOOKEEPER-822,2010-07-19,2010-10-06,3.3.0
ZOOKEEPER-820,2010-07-16,2010-10-20,3.3.1
ZOOKEEPER-814,2010-07-14,2010-07-26,N/A
ZOOKEEPER-805,2010-07-06,2014-04-30,3.3.1|3.4.0
ZOOKEEPER-804,2010-07-05,2010-10-20,3.4.0
ZOOKEEPER-800,2010-06-29,2010-10-21,3.3.1
ZOOKEEPER-796,2010-06-28,2010-07-06,N/A
ZOOKEEPER-795,2010-06-28,2010-08-17,3.3.1
ZOOKEEPER-794,2010-06-26,2010-10-21,3.3.1
ZOOKEEPER-792,2010-06-24,2010-08-23,3.3.1
ZOOKEEPER-790,2010-06-22,2010-07-29,3.3.1
ZOOKEEPER-787,2010-06-10,2010-09-15,3.3.1
ZOOKEEPER-786,2010-06-04,2011-10-17,3.3.1
ZOOKEEPER-785,2010-06-02,2010-09-14,3.3.1
ZOOKEEPER-783,2010-06-01,2010-07-26,3.3.1
ZOOKEEPER-782,2010-05-31,2011-07-14,3.3.1
ZOOKEEPER-774,2010-05-12,2010-05-14,3.3.0
ZOOKEEPER-772,2010-05-10,2010-08-11,N/A
ZOOKEEPER-769,2010-05-06,2010-05-21,3.3.0
ZOOKEEPER-766,2010-05-05,2010-05-05,N/A
ZOOKEEPER-764,2010-05-04,2010-05-05,N/A
ZOOKEEPER-763,2010-05-04,2010-05-05,3.3.0
ZOOKEEPER-758,2010-04-29,2010-05-01,3.3.0|3.4.0
ZOOKEEPER-753,2010-04-26,2012-12-12,3.4.5
ZOOKEEPER-750,2010-04-22,2010-04-29,3.3.0
ZOOKEEPER-749,2010-04-22,2010-04-29,3.3.0
ZOOKEEPER-746,2010-04-21,2010-04-26,N/A
ZOOKEEPER-742,2010-04-15,2010-04-22,3.2.2|3.3.0
ZOOKEEPER-741,2010-04-14,2010-04-22,3.3.0
ZOOKEEPER-740,2010-04-13,2014-04-25,3.3.0
ZOOKEEPER-738,2010-04-10,2010-04-26,3.3.0
ZOOKEEPER-737,2010-04-10,2010-05-04,3.3.0
ZOOKEEPER-735,2010-04-07,2010-04-08,N/A
ZOOKEEPER-734,2010-04-06,2010-04-26,3.3.0
ZOOKEEPER-732,2010-03-29,2013-10-03,3.3.0
ZOOKEEPER-731,2010-03-26,2011-09-06,3.3.0
ZOOKEEPER-722,2010-03-22,2010-04-12,3.3.0
ZOOKEEPER-720,2010-03-21,2010-04-12,3.3.0
ZOOKEEPER-719,2010-03-19,2010-07-09,3.3.0
ZOOKEEPER-718,2010-03-19,2010-03-19,N/A
ZOOKEEPER-710,2010-03-18,2010-03-19,3.2.2
ZOOKEEPER-709,2010-03-18,2010-03-18,N/A
ZOOKEEPER-708,2010-03-18,2010-03-18,N/A
ZOOKEEPER-706,2010-03-17,2015-06-13,3.1.2|3.2.2|3.3.0
ZOOKEEPER-698,2010-03-12,2010-03-13,N/A
ZOOKEEPER-696,2010-03-10,2010-03-11,N/A
ZOOKEEPER-693,2010-03-09,2010-03-10,3.3.0
ZOOKEEPER-691,2010-03-09,2010-03-09,N/A
ZOOKEEPER-689,2010-03-09,2010-03-09,N/A
ZOOKEEPER-688,2010-03-05,2010-03-05,N/A
ZOOKEEPER-687,2010-03-04,2010-03-04,N/A
ZOOKEEPER-684,2010-03-03,2010-03-10,N/A
ZOOKEEPER-683,2010-03-01,2010-03-03,3.2.2
ZOOKEEPER-682,2010-02-25,2010-03-04,3.2.2
ZOOKEEPER-681,2010-02-25,2010-03-05,3.2.2
ZOOKEEPER-677,2010-02-22,2010-03-10,3.2.2
ZOOKEEPER-673,2010-02-16,2010-02-19,N/A
ZOOKEEPER-670,2010-02-12,2014-04-25,3.2.1|3.2.2
ZOOKEEPER-669,2010-02-12,2010-02-23,3.1.2|3.2.2
ZOOKEEPER-668,2010-02-12,2010-02-19,N/A
ZOOKEEPER-667,2010-02-11,2010-03-12,3.2.2
ZOOKEEPER-666,2010-02-10,2023-09-24,3.2.2
ZOOKEEPER-663,2010-02-02,2010-03-09,N/A
ZOOKEEPER-656,2010-01-24,2010-01-25,N/A
ZOOKEEPER-653,2010-01-22,2011-09-06,N/A
ZOOKEEPER-647,2010-01-15,2010-01-21,N/A
ZOOKEEPER-644,2010-01-14,2010-01-15,3.3.0
ZOOKEEPER-642,2010-01-13,2012-05-11,3.2.1
ZOOKEEPER-637,2010-01-06,2010-01-07,N/A
ZOOKEEPER-630,2009-12-16,2009-12-16,N/A
ZOOKEEPER-629,2009-12-16,2009-12-18,N/A
ZOOKEEPER-627,2009-12-16,2009-12-16,N/A
ZOOKEEPER-626,2009-12-15,2010-01-22,3.2.1
ZOOKEEPER-624,2009-12-15,2010-03-17,3.2.0
ZOOKEEPER-623,2009-12-14,2010-01-12,N/A
ZOOKEEPER-622,2009-12-12,2010-03-06,N/A
ZOOKEEPER-621,2009-12-12,2009-12-14,N/A
ZOOKEEPER-620,2009-12-10,2010-01-19,3.3.0
ZOOKEEPER-617,2009-12-10,2010-03-12,N/A
ZOOKEEPER-615,2009-12-09,2009-12-11,N/A
ZOOKEEPER-614,2009-12-07,2009-12-11,3.2.1|3.2.2
ZOOKEEPER-611,2009-12-07,2009-12-08,3.1.1|3.2.1
ZOOKEEPER-610,2009-12-04,2009-12-11,N/A
ZOOKEEPER-609,2009-12-03,2009-12-16,3.3.0
ZOOKEEPER-606,2009-12-02,2009-12-17,3.2.1
ZOOKEEPER-604,2009-12-01,2010-03-12,3.0.0|3.0.1|3.1.0|3.1.1|3.1.2|3.2.0|3.2.1|3.2.2|3.3.0|4.0.0
ZOOKEEPER-602,2009-12-01,2015-06-18,3.2.1
ZOOKEEPER-600,2009-11-30,2009-12-17,3.2.1
ZOOKEEPER-598,2009-11-25,2009-11-30,3.2.2
ZOOKEEPER-597,2009-11-25,2009-12-08,3.1.1|3.2.1
ZOOKEEPER-596,2009-11-24,2009-12-18,3.2.1
ZOOKEEPER-593,2009-11-24,2010-01-26,N/A
ZOOKEEPER-592,2009-11-24,2010-02-02,N/A
ZOOKEEPER-591,2009-11-23,2010-03-18,3.2.1
ZOOKEEPER-589,2009-11-23,2010-02-08,3.2.1
ZOOKEEPER-588,2009-11-21,2009-12-11,3.2.1
ZOOKEEPER-587,2009-11-21,2009-12-11,3.2.1
ZOOKEEPER-586,2009-11-21,2010-03-16,3.2.1
ZOOKEEPER-582,2009-11-17,2009-11-20,3.1.1|3.2.1
ZOOKEEPER-576,2009-11-11,2009-11-20,N/A
ZOOKEEPER-574,2009-11-11,2010-01-23,N/A
ZOOKEEPER-573,2009-11-10,2010-01-20,3.2.1
ZOOKEEPER-570,2009-11-08,2009-11-08,3.2.1
ZOOKEEPER-569,2009-11-06,2010-02-20,N/A
ZOOKEEPER-568,2009-11-03,2009-11-07,3.2.1
ZOOKEEPER-567,2009-11-01,2009-11-12,N/A
ZOOKEEPER-566,2009-10-29,2009-11-12,3.2.1
ZOOKEEPER-563,2009-10-28,2009-10-29,N/A
ZOOKEEPER-562,2009-10-26,2009-10-29,3.2.1
ZOOKEEPER-558,2009-10-25,2009-11-07,3.2.1
ZOOKEEPER-554,2009-10-14,2009-10-19,N/A
ZOOKEEPER-551,2009-10-13,2009-11-08,3.2.1
ZOOKEEPER-547,2009-10-08,2009-11-17,3.2.0|3.2.1
ZOOKEEPER-542,2009-10-06,2009-10-07,3.2.0|3.2.1
ZOOKEEPER-541,2009-10-06,2009-10-13,3.2.1
ZOOKEEPER-540,2009-10-01,2009-10-09,3.2.1
ZOOKEEPER-538,2009-09-30,2009-10-02,3.2.1
ZOOKEEPER-537,2009-09-25,2009-11-06,3.3.0
ZOOKEEPER-535,2009-09-24,2009-09-24,N/A
ZOOKEEPER-534,2009-09-23,2009-12-16,3.2.0|3.2.1
ZOOKEEPER-533,2009-09-23,2009-09-23,N/A
ZOOKEEPER-532,2009-09-22,2009-11-18,3.2.1
ZOOKEEPER-530,2009-09-21,2009-10-21,3.2.0|3.2.1
ZOOKEEPER-524,2009-09-10,2010-02-20,N/A
ZOOKEEPER-519,2009-08-25,2009-11-18,N/A
ZOOKEEPER-512,2009-08-20,2009-10-27,3.2.0
ZOOKEEPER-511,2009-08-19,2010-03-11,3.2.0
ZOOKEEPER-510,2009-08-19,2009-10-14,3.2.0
ZOOKEEPER-509,2009-08-19,2009-08-25,N/A
ZOOKEEPER-508,2009-08-17,2009-08-25,N/A
ZOOKEEPER-505,2009-08-08,2010-01-26,N/A
ZOOKEEPER-504,2009-08-07,2010-01-26,3.2.0
ZOOKEEPER-503,2009-08-07,2010-01-26,N/A
ZOOKEEPER-502,2009-08-07,2010-01-26,N/A
ZOOKEEPER-501,2009-08-06,2009-08-07,N/A
ZOOKEEPER-499,2009-08-05,2009-08-10,3.2.0
ZOOKEEPER-498,2009-08-04,2009-08-11,3.2.0
ZOOKEEPER-495,2009-08-03,2010-01-26,3.2.0
ZOOKEEPER-493,2009-08-01,2009-08-04,3.2.0
ZOOKEEPER-491,2009-07-29,2009-08-04,3.2.0
ZOOKEEPER-490,2009-07-29,2009-08-07,3.1.1|3.2.0
ZOOKEEPER-487,2009-07-24,2009-07-31,3.1.1|3.2.0
ZOOKEEPER-485,2009-07-23,2010-02-24,N/A
ZOOKEEPER-484,2009-07-23,2009-08-07,3.2.0
ZOOKEEPER-483,2009-07-23,2009-08-25,3.1.1
ZOOKEEPER-482,2009-07-22,2009-07-30,3.2.0
ZOOKEEPER-481,2009-07-20,2009-08-03,3.1.1|3.2.0
ZOOKEEPER-480,2009-07-20,2009-08-04,3.2.0
ZOOKEEPER-479,2009-07-20,2009-08-03,N/A
ZOOKEEPER-477,2009-07-17,2009-08-11,3.2.0
ZOOKEEPER-475,2009-07-16,2009-08-04,3.2.0
ZOOKEEPER-470,2009-07-14,2009-07-20,3.2.0
ZOOKEEPER-469,2009-07-14,2009-07-16,3.2.0
ZOOKEEPER-468,2009-07-14,2009-07-16,3.2.0
ZOOKEEPER-467,2009-07-14,2009-07-30,N/A
ZOOKEEPER-466,2009-07-14,2009-08-04,3.2.0
ZOOKEEPER-460,2009-07-09,2009-08-03,N/A
ZOOKEEPER-457,2009-07-01,2009-07-31,3.1.1
ZOOKEEPER-455,2009-06-30,2009-07-01,N/A
ZOOKEEPER-454,2009-06-30,2009-06-30,N/A
ZOOKEEPER-453,2009-06-30,2009-06-30,N/A
ZOOKEEPER-452,2009-06-30,2009-06-30,N/A
ZOOKEEPER-450,2009-06-29,2009-06-30,3.2.0
ZOOKEEPER-449,2009-06-26,2009-06-26,N/A
ZOOKEEPER-448,2009-06-26,2009-06-26,N/A
ZOOKEEPER-446,2009-06-19,2009-06-22,N/A
ZOOKEEPER-444,2009-06-15,2009-06-17,3.1.1
ZOOKEEPER-441,2009-06-09,2009-06-09,N/A
ZOOKEEPER-438,2009-06-08,2009-06-25,N/A
ZOOKEEPER-435,2009-06-05,2009-06-09,N/A
ZOOKEEPER-433,2009-06-05,2009-06-18,3.1.1
ZOOKEEPER-427,2009-06-02,2009-06-18,3.1.1
ZOOKEEPER-421,2009-05-28,2009-06-01,N/A
ZOOKEEPER-420,2009-05-28,2009-10-01,N/A
ZOOKEEPER-419,2009-05-28,2009-05-28,N/A
ZOOKEEPER-417,2009-05-26,2009-06-26,N/A
ZOOKEEPER-416,2009-05-26,2009-05-28,N/A
ZOOKEEPER-415,2009-05-21,2009-05-22,N/A
ZOOKEEPER-413,2009-05-20,2010-01-26,N/A
ZOOKEEPER-412,2009-05-20,2015-12-15,N/A
ZOOKEEPER-411,2009-05-19,2009-05-20,N/A
ZOOKEEPER-405,2009-05-18,2009-05-20,N/A
ZOOKEEPER-404,2009-05-18,2009-05-19,3.2.0
ZOOKEEPER-402,2009-05-13,2009-05-21,3.1.0|3.1.1
ZOOKEEPER-400,2009-05-12,2009-05-14,N/A
ZOOKEEPER-396,2009-05-09,2009-06-08,3.1.1
ZOOKEEPER-391,2009-05-06,2009-05-12,N/A
ZOOKEEPER-385,2009-04-27,2009-05-22,3.2.0
ZOOKEEPER-384,2009-04-27,2009-05-05,3.0.0|3.0.1|3.1.0|3.1.1
ZOOKEEPER-382,2009-04-27,2009-04-29,N/A
ZOOKEEPER-377,2009-04-17,2009-04-20,3.2.0
ZOOKEEPER-376,2009-04-15,2009-05-07,3.2.0
ZOOKEEPER-375,2009-04-15,2009-06-09,3.1.0|3.1.1
ZOOKEEPER-374,2009-04-10,2009-04-16,3.1.1
ZOOKEEPER-370,2009-04-07,2009-04-08,3.1.1
ZOOKEEPER-367,2009-04-04,2009-04-17,3.2.0
ZOOKEEPER-365,2009-04-03,2009-04-29,3.2.0
ZOOKEEPER-363,2009-04-03,2009-04-07,3.1.1
ZOOKEEPER-362,2009-04-03,2009-04-03,3.1.1
ZOOKEEPER-360,2009-04-02,2009-04-03,3.1.1
ZOOKEEPER-355,2009-03-27,2009-04-09,3.1.0|3.1.1
ZOOKEEPER-348,2009-03-26,2009-04-09,3.1.0|3.1.1
ZOOKEEPER-347,2009-03-26,2009-04-08,3.1.0
ZOOKEEPER-346,2009-03-23,2009-04-17,3.0.0|3.0.1|3.1.0
ZOOKEEPER-341,2009-03-18,2009-03-18,N/A
ZOOKEEPER-340,2009-03-17,2009-04-17,3.0.0|3.0.1|3.1.0|3.1.1
ZOOKEEPER-335,2009-03-04,2011-06-14,3.1.0
ZOOKEEPER-334,2009-02-27,2009-03-03,3.1.0
ZOOKEEPER-333,2009-02-27,2009-03-12,N/A
ZOOKEEPER-330,2009-02-25,2009-02-27,3.1.1|3.2.0
ZOOKEEPER-326,2009-02-20,2009-02-23,3.0.0|3.0.1|3.1.0
ZOOKEEPER-325,2009-02-20,2009-04-07,3.1.0
ZOOKEEPER-320,2009-02-17,2009-02-27,3.0.0|3.0.1|3.1.0
ZOOKEEPER-319,2009-02-17,2009-02-27,3.0.0|3.0.1|3.1.0
ZOOKEEPER-318,2009-02-17,2009-03-06,3.0.0|3.0.1|3.1.0
ZOOKEEPER-309,2009-02-10,2009-03-12,3.0.0|3.0.1|3.1.0
ZOOKEEPER-303,2009-02-06,2009-02-10,3.1.0
ZOOKEEPER-302,2009-02-06,2009-02-06,3.1.0
ZOOKEEPER-300,2009-02-05,2009-05-14,3.1.0
ZOOKEEPER-299,2009-02-05,2009-02-12,N/A
ZOOKEEPER-293,2009-02-05,2009-02-05,3.1.0
ZOOKEEPER-291,2009-02-04,2009-02-04,N/A
ZOOKEEPER-285,2009-02-02,2009-02-02,3.0.0|3.0.1
ZOOKEEPER-284,2009-02-02,2009-02-02,3.1.0
ZOOKEEPER-281,2009-01-29,2009-03-05,3.0.1
ZOOKEEPER-275,2009-01-15,2009-01-29,3.0.0|3.0.1
ZOOKEEPER-273,2009-01-15,2009-01-26,3.1.0
ZOOKEEPER-272,2009-01-13,2009-01-29,N/A
ZOOKEEPER-268,2009-01-07,2009-01-26,3.0.0|3.0.1
ZOOKEEPER-267,2009-01-05,2009-01-28,3.0.0|3.0.1
ZOOKEEPER-266,2009-01-05,2009-01-08,3.0.0|3.0.1
ZOOKEEPER-258,2008-12-16,2009-01-08,3.0.0|3.0.1
ZOOKEEPER-255,2008-12-12,2008-12-22,3.0.0|3.0.1
ZOOKEEPER-254,2008-12-12,2009-01-22,N/A
ZOOKEEPER-253,2008-12-11,2009-01-28,3.0.0|3.0.1
ZOOKEEPER-252,2008-12-10,2009-01-31,3.0.0|3.0.1
ZOOKEEPER-251,2008-12-08,2008-12-10,3.0.0|3.0.1
ZOOKEEPER-250,2008-12-08,2008-12-11,3.0.0|3.0.1
ZOOKEEPER-249,2008-12-08,2008-12-09,3.0.0|3.0.1
ZOOKEEPER-247,2008-12-05,2008-12-10,3.0.0|3.0.1
ZOOKEEPER-245,2008-12-04,2008-12-10,3.0.1
ZOOKEEPER-242,2008-12-01,2008-12-05,3.0.0
ZOOKEEPER-241,2008-11-26,2008-12-09,3.0.0|3.0.1
ZOOKEEPER-240,2008-11-26,2009-01-14,3.0.1
ZOOKEEPER-238,2008-11-24,2009-08-27,N/A
ZOOKEEPER-232,2008-11-24,2008-11-24,N/A
ZOOKEEPER-228,2008-11-18,2008-11-18,3.0.0
ZOOKEEPER-227,2008-11-18,2008-11-19,3.0.0
ZOOKEEPER-226,2008-11-18,2008-11-18,3.0.0
ZOOKEEPER-221,2008-11-12,2008-11-19,3.0.0
ZOOKEEPER-219,2008-11-11,2008-11-18,3.0.0
ZOOKEEPER-218,2008-11-10,2008-11-18,3.0.0
ZOOKEEPER-213,2008-10-29,2008-11-17,3.0.0
ZOOKEEPER-212,2008-10-28,2008-11-17,3.0.0
ZOOKEEPER-209,2008-10-27,2008-11-18,3.0.0
ZOOKEEPER-208,2008-10-27,2008-11-19,3.0.0
ZOOKEEPER-206,2008-10-23,2008-11-18,3.0.0
ZOOKEEPER-204,2008-10-22,2008-11-19,3.0.0
ZOOKEEPER-203,2008-10-22,2008-10-22,3.0.0
ZOOKEEPER-202,2008-10-21,2008-10-22,N/A
ZOOKEEPER-201,2008-10-21,2008-10-21,3.0.0
ZOOKEEPER-200,2008-10-21,2008-10-21,3.0.0
ZOOKEEPER-199,2008-10-20,2008-10-21,3.0.0
ZOOKEEPER-198,2008-10-20,2008-10-20,3.0.0
ZOOKEEPER-196,2008-10-20,2009-06-08,N/A
ZOOKEEPER-193,2008-10-16,2008-10-16,3.0.0
ZOOKEEPER-192,2008-10-15,2009-05-22,3.0.0
ZOOKEEPER-190,2008-10-14,2008-10-15,3.0.0
ZOOKEEPER-189,2008-10-14,2008-10-14,3.0.0
ZOOKEEPER-187,2008-10-14,2008-10-15,3.0.0
ZOOKEEPER-184,2008-10-13,2008-10-14,N/A
ZOOKEEPER-183,2008-10-10,2008-10-14,N/A
ZOOKEEPER-182,2008-10-10,2008-10-14,N/A
ZOOKEEPER-181,2008-10-09,2008-10-10,3.0.0
ZOOKEEPER-178,2008-10-06,2008-10-10,N/A
ZOOKEEPER-159,2008-10-06,2008-10-08,N/A
ZOOKEEPER-157,2008-10-04,2008-10-05,3.0.0
ZOOKEEPER-155,2008-10-02,2008-10-03,N/A
ZOOKEEPER-154,2008-10-02,2008-10-03,N/A
ZOOKEEPER-151,2008-10-01,2008-10-16,3.0.0
ZOOKEEPER-150,2008-10-01,2008-10-01,3.0.0
ZOOKEEPER-140,2008-09-13,2008-10-01,3.0.0
ZOOKEEPER-138,2008-09-08,2008-10-22,3.0.0
ZOOKEEPER-137,2008-09-08,2008-09-24,3.0.0
ZOOKEEPER-136,2008-09-05,2008-10-03,3.0.0
ZOOKEEPER-133,2008-09-03,2008-09-05,3.0.0
ZOOKEEPER-131,2008-09-02,2008-09-19,N/A
ZOOKEEPER-127,2008-08-27,2008-10-01,3.0.0
ZOOKEEPER-123,2008-08-24,2008-08-25,3.0.0
ZOOKEEPER-122,2008-08-19,2008-08-19,N/A
ZOOKEEPER-121,2008-08-12,2010-03-16,N/A
ZOOKEEPER-118,2008-08-11,2008-09-09,N/A
ZOOKEEPER-117,2008-08-11,2008-09-24,3.0.0
ZOOKEEPER-115,2008-08-07,2008-10-13,3.0.0
ZOOKEEPER-112,2008-08-06,2008-09-05,N/A
ZOOKEEPER-110,2008-08-05,2008-08-15,3.0.0
ZOOKEEPER-109,2008-08-01,2008-08-08,3.0.0
ZOOKEEPER-108,2008-08-01,2008-08-09,N/A
ZOOKEEPER-105,2008-07-26,2008-07-28,3.0.0
ZOOKEEPER-94,2008-07-25,2009-05-14,3.1.0|3.1.1
ZOOKEEPER-87,2008-07-23,2013-09-26,3.4.5|3.5.0
ZOOKEEPER-86,2008-07-23,2010-01-15,N/A
ZOOKEEPER-76,2008-07-16,2008-07-16,N/A
ZOOKEEPER-75,2008-07-15,2008-07-15,N/A
ZOOKEEPER-68,2008-07-07,2008-07-07,N/A
ZOOKEEPER-63,2008-06-30,2008-08-27,3.0.0
ZOOKEEPER-59,2008-06-30,2010-03-09,N/A
ZOOKEEPER-58,2008-06-27,2008-07-27,N/A
ZOOKEEPER-55,2008-06-26,2008-06-26,N/A
ZOOKEEPER-54,2008-06-25,2008-08-25,3.0.0
ZOOKEEPER-53,2008-06-25,2008-06-25,N/A
ZOOKEEPER-50,2008-06-20,2010-01-15,N/A
ZOOKEEPER-49,2008-06-20,2008-08-05,N/A
ZOOKEEPER-48,2008-06-20,2008-07-31,N/A
ZOOKEEPER-21,2008-06-10,2008-09-26,N/A
ZOOKEEPER-20,2008-06-10,2008-08-27,N/A
ZOOKEEPER-18,2008-06-10,2008-09-25,N/A
ZOOKEEPER-17,2008-06-10,2008-10-10,N/A
ZOOKEEPER-16,2008-06-10,2009-01-31,3.0.0|3.0.1
ZOOKEEPER-15,2008-06-10,2008-07-23,N/A
ZOOKEEPER-11,2008-06-10,2008-07-23,N/A
ZOOKEEPER-8,2008-06-10,2008-10-07,N/A
ZOOKEEPER-7,2008-06-10,2008-09-26,N/A
ZOOKEEPER-6,2008-06-10,2008-09-30,N/A
ZOOKEEPER-4,2008-06-09,2008-09-09,3.0.0
ZOOKEEPER-3,2008-06-09,2009-11-18,N/A
ZOOKEEPER-2,2008-06-09,2008-08-25,N/A
