Dataset,Release_ID,Classifier,FS,Balancing,Precision,Recall,AUC,Kappa,NPofB20,Valid_Repetitions
ZooKeeper,1,RandomForest,No,No,0.8502,0.8531,0.9635,0.7831,0.1857,10
ZooKeeper,2,RandomForest,No,No,0.6617,0.7375,0.5500,0.2429,0.1875,10
ZooKeeper,3,RandomForest,No,No,0.7286,0.7333,0.8714,0.5473,0.1571,10
ZooKeeper,4,RandomForest,No,No,0.8830,0.9438,0.7500,-0.0720,0.1500,10
ZooKeeper,5,RandomForest,No,No,0.7153,0.7213,0.8964,0.5379,0.1617,10
ZooKeeper,7,RandomForest,No,No,0.8246,0.8676,0.7374,0.4880,0.1029,10
ZooKeeper,8,RandomForest,No,No,0.7785,0.5756,0.8692,0.5381,0.2268,10
ZooKeeper,9,RandomForest,No,No,0.8928,0.6250,0.9830,0.6306,0.2500,10
ZooKeeper,10,RandomForest,No,No,0.7587,0.6306,0.9549,0.6342,0.2722,10
ZooKeeper,11,RandomForest,No,No,0.7575,0.8765,0.8160,0.5433,0.1882,10
ZooKeeper,12,RandomForest,No,No,0.7973,0.6983,0.8765,0.5812,0.1300,10
ZooKeeper,14,RandomForest,No,No,1.0000,0.7000,1.0000,0.7750,0.4000,10
ZooKeeper,15,RandomForest,No,No,0.8581,0.8583,0.8472,0.2968,0.1750,10
ZooKeeper,16,RandomForest,No,No,0.8606,0.9250,0.7854,0.2413,0.2083,10
ZooKeeper,17,RandomForest,No,No,0.8457,0.8250,0.9528,0.7283,0.1875,10
ZooKeeper,18,RandomForest,No,No,0.8250,0.8667,0.9491,0.6160,0.2417,10
ZooKeeper,19,RandomForest,No,No,0.8520,0.8500,0.8313,0.5491,0.1875,10
ZooKeeper,21,RandomForest,No,No,0.8085,0.7690,0.8307,0.4837,0.1034,10
ZooKeeper,1,RandomForest,No,Yes,0.8333,0.8551,0.9649,0.7711,0.1918,10
ZooKeeper,2,RandomForest,No,Yes,0.6396,0.6250,0.5687,0.1780,0.1375,10
ZooKeeper,3,RandomForest,No,Yes,0.6884,0.8000,0.8700,0.5406,0.1500,10
ZooKeeper,5,RandomForest,No,Yes,0.7217,0.8064,0.8999,0.5962,0.1596,10
ZooKeeper,7,RandomForest,No,Yes,0.8432,0.8382,0.7503,0.5057,0.1000,10
ZooKeeper,8,RandomForest,No,Yes,0.7053,0.6268,0.8605,0.5209,0.2390,10
ZooKeeper,9,RandomForest,No,Yes,0.9012,0.7000,0.9815,0.6967,0.3000,10
ZooKeeper,10,RandomForest,No,Yes,0.7239,0.6833,0.9559,0.6463,0.2639,10
ZooKeeper,11,RandomForest,No,Yes,0.7416,0.7529,0.7903,0.4323,0.1824,10
ZooKeeper,12,RandomForest,No,Yes,0.7438,0.7417,0.8702,0.5585,0.1400,10
ZooKeeper,14,RandomForest,No,Yes,1.0000,0.6667,1.0000,0.7500,0.3333,10
ZooKeeper,15,RandomForest,No,Yes,0.8838,0.7917,0.8500,0.3037,0.1667,10
ZooKeeper,16,RandomForest,No,Yes,0.8755,0.9083,0.7058,0.3145,0.1458,10
ZooKeeper,17,RandomForest,No,Yes,0.8101,0.8375,0.9555,0.7051,0.1875,10
ZooKeeper,18,RandomForest,No,Yes,0.8720,0.8417,0.9495,0.6710,0.2417,10
ZooKeeper,19,RandomForest,No,Yes,0.8536,0.8000,0.8141,0.5103,0.2250,10
ZooKeeper,21,RandomForest,No,Yes,0.8383,0.7310,0.8298,0.4984,0.1069,10
ZooKeeper,1,RandomForest,Yes,No,0.7998,0.8367,0.9564,0.7312,0.1714,10
ZooKeeper,2,RandomForest,Yes,No,0.6613,0.6125,0.5740,0.1944,0.1750,10
ZooKeeper,3,RandomForest,Yes,No,0.7275,0.7095,0.8726,0.5310,0.1476,10
ZooKeeper,4,RandomForest,Yes,No,0.8816,0.9313,0.5016,-0.0845,0.2500,10
ZooKeeper,5,RandomForest,Yes,No,0.7289,0.7085,0.8915,0.5436,0.1681,10
ZooKeeper,7,RandomForest,Yes,No,0.7921,0.8882,0.6819,0.4258,0.1265,10
ZooKeeper,8,RandomForest,Yes,No,0.7425,0.5683,0.8245,0.5093,0.2366,10
ZooKeeper,9,RandomForest,Yes,No,0.9031,0.7583,0.9745,0.7428,0.2750,10
ZooKeeper,10,RandomForest,Yes,No,0.7724,0.6222,0.9392,0.6353,0.2611,10
ZooKeeper,11,RandomForest,Yes,No,0.8025,0.8706,0.8359,0.6115,0.2176,10
ZooKeeper,12,RandomForest,Yes,No,0.8156,0.6900,0.8881,0.5911,0.1400,10
ZooKeeper,14,RandomForest,Yes,No,1.0000,0.7000,1.0000,0.7750,0.4333,10
ZooKeeper,15,RandomForest,Yes,No,0.8429,0.8250,0.7083,0.1663,0.1833,10
ZooKeeper,16,RandomForest,Yes,No,0.8766,0.8250,0.6346,0.2402,0.1708,10
ZooKeeper,17,RandomForest,Yes,No,0.8549,0.7875,0.9208,0.7095,0.2000,10
ZooKeeper,18,RandomForest,Yes,No,0.8307,0.8500,0.9208,0.6190,0.2333,10
ZooKeeper,19,RandomForest,Yes,No,0.8542,0.8625,0.6813,0.5663,0.1500,10
ZooKeeper,21,RandomForest,Yes,No,0.7928,0.7983,0.8310,0.4808,0.1259,10
ZooKeeper,1,RandomForest,Yes,Yes,0.7832,0.8673,0.9545,0.7355,0.1837,10
ZooKeeper,2,RandomForest,Yes,Yes,0.7198,0.4750,0.5688,0.2136,0.1375,10
ZooKeeper,3,RandomForest,Yes,Yes,0.7074,0.7929,0.8709,0.5593,0.1405,10
ZooKeeper,5,RandomForest,Yes,Yes,0.7181,0.7809,0.8899,0.5768,0.1723,10
ZooKeeper,7,RandomForest,Yes,Yes,0.8048,0.8000,0.7010,0.3873,0.1088,10
ZooKeeper,8,RandomForest,Yes,Yes,0.6936,0.6268,0.8193,0.5119,0.2488,10
ZooKeeper,9,RandomForest,Yes,Yes,0.8805,0.7833,0.9670,0.7454,0.2750,10
ZooKeeper,10,RandomForest,Yes,Yes,0.7131,0.7000,0.9464,0.6491,0.2667,10
ZooKeeper,11,RandomForest,Yes,Yes,0.7625,0.8059,0.8111,0.5020,0.1824,10
ZooKeeper,12,RandomForest,Yes,Yes,0.7517,0.7433,0.8810,0.5669,0.1583,10
ZooKeeper,14,RandomForest,Yes,Yes,1.0000,0.7333,1.0000,0.8000,0.3333,10
ZooKeeper,15,RandomForest,Yes,Yes,0.8316,0.8250,0.6972,0.0893,0.1750,10
ZooKeeper,16,RandomForest,Yes,Yes,0.8981,0.7333,0.6063,0.2491,0.1625,10
ZooKeeper,17,RandomForest,Yes,Yes,0.8081,0.8250,0.9283,0.6945,0.2063,10
ZooKeeper,18,RandomForest,Yes,Yes,0.8407,0.8333,0.9250,0.6215,0.2083,10
ZooKeeper,19,RandomForest,Yes,Yes,0.8514,0.8500,0.7078,0.5508,0.2000,10
ZooKeeper,21,RandomForest,Yes,Yes,0.8335,0.7621,0.8215,0.5161,0.1172,10
ZooKeeper,1,NaiveBayes,No,No,0.7202,0.6306,0.9145,0.5364,0.1653,10
ZooKeeper,2,NaiveBayes,No,No,0.7528,0.7625,0.6250,0.4303,0.2000,10
ZooKeeper,3,NaiveBayes,No,No,0.8197,0.6048,0.8873,0.5371,0.1571,10
ZooKeeper,4,NaiveBayes,No,No,0.8824,0.9375,0.4594,-0.0800,0.2500,10
ZooKeeper,5,NaiveBayes,No,No,0.7414,0.6340,0.8603,0.5069,0.1660,10
ZooKeeper,7,NaiveBayes,No,No,0.8432,0.5529,0.6751,0.2800,0.1118,10
ZooKeeper,8,NaiveBayes,No,No,0.7528,0.6073,0.7966,0.5435,0.2293,10
ZooKeeper,9,NaiveBayes,No,No,0.7291,0.6750,0.8611,0.5541,0.2250,10
ZooKeeper,10,NaiveBayes,No,No,0.6559,0.7889,0.9488,0.6544,0.2667,10
ZooKeeper,11,NaiveBayes,No,No,0.5964,0.4588,0.6905,0.0782,0.1882,10
ZooKeeper,12,NaiveBayes,No,No,0.8163,0.6283,0.8491,0.5450,0.1550,10
ZooKeeper,14,NaiveBayes,No,No,1.0000,1.0000,1.0000,1.0000,0.5333,10
ZooKeeper,15,NaiveBayes,No,No,0.9159,0.9083,0.8083,0.5694,0.2083,10
ZooKeeper,16,NaiveBayes,No,No,0.9169,0.4625,0.5404,0.1362,0.1500,10
ZooKeeper,17,NaiveBayes,No,No,0.8144,0.8750,0.9595,0.7371,0.2500,10
ZooKeeper,18,NaiveBayes,No,No,0.8461,0.8167,0.8889,0.6132,0.2417,10
ZooKeeper,19,NaiveBayes,No,No,0.7349,0.7000,0.6578,0.1988,0.2375,10
ZooKeeper,21,NaiveBayes,No,No,0.8387,0.5379,0.7422,0.3473,0.1276,10
ZooKeeper,1,NaiveBayes,No,Yes,0.7243,0.6490,0.9148,0.5513,0.1653,10
ZooKeeper,2,NaiveBayes,No,Yes,0.7492,0.7500,0.6271,0.4172,0.2000,10
ZooKeeper,3,NaiveBayes,No,Yes,0.8260,0.7000,0.8828,0.6151,0.1690,10
ZooKeeper,5,NaiveBayes,No,Yes,0.7174,0.6426,0.8615,0.4911,0.1702,10
ZooKeeper,7,NaiveBayes,No,Yes,0.8366,0.5735,0.7160,0.2860,0.1265,10
ZooKeeper,8,NaiveBayes,No,Yes,0.7266,0.6537,0.7937,0.5552,0.2390,10
ZooKeeper,9,NaiveBayes,No,Yes,0.7186,0.6417,0.8743,0.5242,0.2250,10
ZooKeeper,10,NaiveBayes,No,Yes,0.6956,0.8056,0.9483,0.6925,0.2694,10
ZooKeeper,11,NaiveBayes,No,Yes,0.6106,0.5353,0.6758,0.1195,0.1765,10
ZooKeeper,12,NaiveBayes,No,Yes,0.8202,0.6833,0.8462,0.5902,0.1500,10
ZooKeeper,14,NaiveBayes,No,Yes,1.0000,1.0000,1.0000,1.0000,0.5333,10
ZooKeeper,15,NaiveBayes,No,Yes,0.9205,0.9667,0.8167,0.6905,0.2167,10
ZooKeeper,16,NaiveBayes,No,Yes,0.8159,0.4792,0.5546,-0.0232,0.1500,10
ZooKeeper,17,NaiveBayes,No,Yes,0.8144,0.8750,0.9548,0.7371,0.2500,10
ZooKeeper,18,NaiveBayes,No,Yes,0.8258,0.7917,0.8593,0.5658,0.2417,10
ZooKeeper,19,NaiveBayes,No,Yes,0.7512,0.7625,0.6797,0.2685,0.2250,10
ZooKeeper,21,NaiveBayes,No,Yes,0.8370,0.5397,0.7400,0.3467,0.1310,10
ZooKeeper,1,NaiveBayes,Yes,No,0.7597,0.6714,0.9106,0.5926,0.1449,10
ZooKeeper,2,NaiveBayes,Yes,No,0.7600,0.4000,0.5531,0.2166,0.1375,10
ZooKeeper,3,NaiveBayes,Yes,No,0.8405,0.5500,0.8881,0.5073,0.1524,10
ZooKeeper,4,NaiveBayes,Yes,No,0.8816,0.9313,0.1250,-0.0845,0.1438,10
ZooKeeper,5,NaiveBayes,Yes,No,0.7889,0.5872,0.8493,0.5110,0.1468,10
ZooKeeper,7,NaiveBayes,Yes,No,0.8601,0.5794,0.6749,0.3214,0.0853,10
ZooKeeper,8,NaiveBayes,Yes,No,0.7411,0.5854,0.8158,0.5204,0.1951,10
ZooKeeper,9,NaiveBayes,Yes,No,0.7791,0.6583,0.9219,0.5790,0.2333,10
ZooKeeper,10,NaiveBayes,Yes,No,0.6397,0.7194,0.9422,0.6094,0.2750,10
ZooKeeper,11,NaiveBayes,Yes,No,0.6178,0.6235,0.6513,0.1601,0.1765,10
ZooKeeper,12,NaiveBayes,Yes,No,0.8129,0.5867,0.8373,0.5104,0.1400,10
ZooKeeper,14,NaiveBayes,Yes,No,1.0000,1.0000,1.0000,1.0000,0.5333,10
ZooKeeper,15,NaiveBayes,Yes,No,0.8180,0.7083,0.7194,0.0613,0.1667,10
ZooKeeper,16,NaiveBayes,Yes,No,0.8073,0.8750,0.5592,-0.1437,0.1250,10
ZooKeeper,17,NaiveBayes,Yes,No,0.8997,0.8250,0.9286,0.7765,0.2063,10
ZooKeeper,18,NaiveBayes,Yes,No,0.7792,0.8250,0.8417,0.5194,0.2333,10
ZooKeeper,19,NaiveBayes,Yes,No,0.7966,0.8000,0.6125,0.3705,0.2250,10
ZooKeeper,21,NaiveBayes,Yes,No,0.9095,0.5362,0.7255,0.4104,0.1224,10
ZooKeeper,1,NaiveBayes,Yes,Yes,0.7570,0.7184,0.9114,0.6211,0.1469,10
ZooKeeper,2,NaiveBayes,Yes,Yes,0.7650,0.4125,0.5969,0.2287,0.1375,10
ZooKeeper,3,NaiveBayes,Yes,Yes,0.8466,0.6262,0.8972,0.5728,0.1571,10
ZooKeeper,5,NaiveBayes,Yes,Yes,0.7888,0.6128,0.8493,0.5302,0.1489,10
ZooKeeper,7,NaiveBayes,Yes,Yes,0.8607,0.5676,0.6961,0.3149,0.0912,10
ZooKeeper,8,NaiveBayes,Yes,Yes,0.7135,0.6293,0.8202,0.5292,0.2073,10
ZooKeeper,9,NaiveBayes,Yes,Yes,0.7238,0.7167,0.9091,0.5732,0.2333,10
ZooKeeper,10,NaiveBayes,Yes,Yes,0.6651,0.7444,0.9402,0.6403,0.2806,10
ZooKeeper,11,NaiveBayes,Yes,Yes,0.6418,0.5294,0.6597,0.1695,0.1529,10
ZooKeeper,12,NaiveBayes,Yes,Yes,0.8114,0.6383,0.8404,0.5490,0.1483,10
ZooKeeper,14,NaiveBayes,Yes,Yes,1.0000,1.0000,1.0000,1.0000,0.5333,10
ZooKeeper,15,NaiveBayes,Yes,Yes,0.8410,0.8417,0.7736,0.2163,0.1667,10
ZooKeeper,16,NaiveBayes,Yes,Yes,0.8154,0.7792,0.5175,-0.0917,0.1167,10
ZooKeeper,17,NaiveBayes,Yes,Yes,0.8379,0.8250,0.9238,0.7230,0.2125,10
ZooKeeper,18,NaiveBayes,Yes,Yes,0.7828,0.8417,0.8602,0.5377,0.2333,10
ZooKeeper,19,NaiveBayes,Yes,Yes,0.8333,0.7500,0.6125,0.4304,0.1875,10
ZooKeeper,21,NaiveBayes,Yes,Yes,0.8707,0.5448,0.7231,0.3835,0.1241,10
ZooKeeper,1,IBk,No,No,0.8951,0.8143,0.8917,0.7896,0.3327,10
ZooKeeper,2,IBk,No,No,0.7179,0.6375,0.6500,0.2988,0.3000,10
ZooKeeper,3,IBk,No,No,0.6813,0.6476,0.7207,0.4462,0.1833,10
ZooKeeper,4,IBk,No,No,0.8862,0.9750,0.5500,-0.0285,0.2625,10
ZooKeeper,5,IBk,No,No,0.7561,0.6787,0.7659,0.5497,0.2426,10
ZooKeeper,7,IBk,No,No,0.8072,0.7500,0.6844,0.3549,0.2059,10
ZooKeeper,8,IBk,No,No,0.6776,0.5610,0.7239,0.4586,0.2317,10
ZooKeeper,9,IBk,No,No,0.8125,0.6833,0.8187,0.6242,0.3083,10
ZooKeeper,10,IBk,No,No,0.6931,0.6889,0.8168,0.6304,0.2806,10
ZooKeeper,11,IBk,No,No,0.7521,0.9000,0.7807,0.5554,0.2706,10
ZooKeeper,12,IBk,No,No,0.7655,0.6567,0.7556,0.5232,0.2000,10
ZooKeeper,14,IBk,No,No,1.0000,1.0000,1.0000,1.0000,0.6000,10
ZooKeeper,15,IBk,No,No,0.9098,0.8417,0.7903,0.4583,0.2083,10
ZooKeeper,16,IBk,No,No,0.8694,0.8333,0.6375,0.2185,0.2083,10
ZooKeeper,17,IBk,No,No,0.7869,0.7125,0.7960,0.5986,0.2125,10
ZooKeeper,18,IBk,No,No,0.9182,0.8333,0.8657,0.7222,0.2333,10
ZooKeeper,19,IBk,No,No,0.7500,0.7500,0.6688,0.2500,0.3125,10
ZooKeeper,21,IBk,No,No,0.6944,0.6621,0.5998,0.2148,0.1759,10
ZooKeeper,1,IBk,No,Yes,0.8602,0.8388,0.8917,0.7814,0.3286,10
ZooKeeper,2,IBk,No,Yes,0.7148,0.5250,0.6083,0.2313,0.2750,10
ZooKeeper,3,IBk,No,Yes,0.6679,0.6810,0.7253,0.4504,0.1857,10
ZooKeeper,5,IBk,No,Yes,0.7547,0.7128,0.7849,0.5712,0.2426,10
ZooKeeper,7,IBk,No,Yes,0.8021,0.7265,0.6912,0.3282,0.2324,10
ZooKeeper,8,IBk,No,Yes,0.6784,0.6195,0.7554,0.4952,0.2415,10
ZooKeeper,9,IBk,No,Yes,0.8195,0.7167,0.8433,0.6530,0.3083,10
ZooKeeper,10,IBk,No,Yes,0.6939,0.7111,0.8346,0.6430,0.2778,10
ZooKeeper,11,IBk,No,Yes,0.7576,0.8294,0.7779,0.5136,0.2647,10
ZooKeeper,12,IBk,No,Yes,0.7382,0.7050,0.7646,0.5286,0.2033,10
ZooKeeper,14,IBk,No,Yes,1.0000,1.0000,1.0000,1.0000,0.6000,10
ZooKeeper,15,IBk,No,Yes,0.9062,0.8083,0.7833,0.4139,0.2083,10
ZooKeeper,16,IBk,No,Yes,0.8664,0.8125,0.7167,0.1937,0.2250,10
ZooKeeper,17,IBk,No,Yes,0.7831,0.7188,0.8090,0.5996,0.2000,10
ZooKeeper,18,IBk,No,Yes,0.9182,0.8333,0.8593,0.7222,0.2333,10
ZooKeeper,19,IBk,No,Yes,0.7393,0.7125,0.6531,0.2103,0.2875,10
ZooKeeper,21,IBk,No,Yes,0.7082,0.6397,0.6128,0.2312,0.1741,10
ZooKeeper,1,IBk,Yes,No,0.8045,0.7959,0.8695,0.7090,0.3102,10
ZooKeeper,2,IBk,Yes,No,0.7500,0.7125,0.6750,0.3929,0.2000,10
ZooKeeper,3,IBk,Yes,No,0.7459,0.6619,0.7620,0.5180,0.2119,10
ZooKeeper,4,IBk,Yes,No,0.8824,0.9375,0.5500,-0.0800,0.2625,10
ZooKeeper,5,IBk,Yes,No,0.7349,0.6830,0.7638,0.5329,0.2426,10
ZooKeeper,7,IBk,Yes,No,0.7878,0.7765,0.6667,0.3318,0.1971,10
ZooKeeper,8,IBk,Yes,No,0.6866,0.5610,0.7295,0.4656,0.2122,10
ZooKeeper,9,IBk,Yes,No,0.9042,0.7917,0.9219,0.7703,0.3083,10
ZooKeeper,10,IBk,Yes,No,0.7552,0.6806,0.8250,0.6627,0.3028,10
ZooKeeper,11,IBk,Yes,No,0.7214,0.7588,0.7006,0.4041,0.2471,10
ZooKeeper,12,IBk,Yes,No,0.8046,0.7917,0.8303,0.6550,0.2317,10
ZooKeeper,14,IBk,Yes,No,1.0000,1.0000,1.0000,1.0000,0.6000,10
ZooKeeper,15,IBk,Yes,No,0.7953,0.8083,0.6194,-0.0271,0.2250,10
ZooKeeper,16,IBk,Yes,No,0.8798,0.8542,0.6275,0.2805,0.2125,10
ZooKeeper,17,IBk,Yes,No,0.8716,0.7938,0.8623,0.7249,0.2313,10
ZooKeeper,18,IBk,Yes,No,0.8378,0.7250,0.7579,0.5247,0.2083,10
ZooKeeper,19,IBk,Yes,No,0.8538,0.8625,0.8406,0.5646,0.3125,10
ZooKeeper,21,IBk,Yes,No,0.7265,0.8034,0.6803,0.3499,0.1983,10
ZooKeeper,1,IBk,Yes,Yes,0.7933,0.8367,0.8830,0.7258,0.3204,10
ZooKeeper,2,IBk,Yes,Yes,0.7064,0.5875,0.5875,0.2650,0.1625,10
ZooKeeper,3,IBk,Yes,Yes,0.7248,0.7190,0.7684,0.5341,0.2119,10
ZooKeeper,5,IBk,Yes,Yes,0.7214,0.7340,0.7842,0.5512,0.2532,10
ZooKeeper,7,IBk,Yes,Yes,0.7953,0.7324,0.6727,0.3193,0.2265,10
ZooKeeper,8,IBk,Yes,Yes,0.6530,0.5951,0.7381,0.4597,0.2220,10
ZooKeeper,9,IBk,Yes,Yes,0.8818,0.8000,0.9158,0.7595,0.3083,10
ZooKeeper,10,IBk,Yes,Yes,0.7507,0.7417,0.8641,0.6958,0.3139,10
ZooKeeper,11,IBk,Yes,Yes,0.7190,0.6824,0.6897,0.3597,0.2294,10
ZooKeeper,12,IBk,Yes,Yes,0.7777,0.8083,0.8257,0.6392,0.2333,10
ZooKeeper,14,IBk,Yes,Yes,1.0000,1.0000,1.0000,1.0000,0.6000,10
ZooKeeper,15,IBk,Yes,Yes,0.8361,0.8083,0.7444,0.1693,0.2250,10
ZooKeeper,16,IBk,Yes,Yes,0.8730,0.7750,0.6404,0.1985,0.2333,10
ZooKeeper,17,IBk,Yes,Yes,0.8648,0.8313,0.8809,0.7484,0.2188,10
ZooKeeper,18,IBk,Yes,Yes,0.8378,0.7250,0.7551,0.5247,0.2167,10
ZooKeeper,19,IBk,Yes,Yes,0.8401,0.7750,0.7563,0.4599,0.2875,10
ZooKeeper,21,IBk,Yes,Yes,0.7488,0.7603,0.6901,0.3694,0.1983,10
